id,dataset,candidate_label,gold_label,text_confidence,guardrail_status,evidence_state_nominal,risk_confidence,risk_rule,risk_full_without_dataset_source,external_gold_used_for_risk_scoring
pubmedqa_10223070,pubmedqa_claim,UNCERTAIN,UNCERTAIN,0.7,KG_TWO_HOP_CONTEXT,TWO_HOP_CONTEXT,0.30000000000000004,0.85,0.5530208581615842,False
pubmedqa_10340286,pubmedqa_claim,SUPPORT,UNCERTAIN,0.9,KG_TWO_HOP_CONTEXT,TWO_HOP_CONTEXT,0.09999999999999998,0.85,0.541245903129094,False
pubmedqa_10354335,pubmedqa_claim,SUPPORT,SUPPORT,0.95,KG_SINGLE_ENTITY_CONTEXT,SINGLE_ENTITY_CONTEXT,0.050000000000000044,0.65,0.5970828477181975,False
pubmedqa_10605400,pubmedqa_claim,REFUTE,UNCERTAIN,0.95,KG_NO_GROUNDING,NO_KG_GROUNDING,0.050000000000000044,0.3,0.3337552575822708,False
pubmedqa_10749257,pubmedqa_claim,SUPPORT,SUPPORT,0.95,KG_SINGLE_ENTITY_CONTEXT,SINGLE_ENTITY_CONTEXT,0.050000000000000044,0.65,0.5970828477181975,False
pubmedqa_10783841,pubmedqa_claim,SUPPORT,SUPPORT,0.95,KG_TWO_HOP_CONTEXT,TWO_HOP_CONTEXT,0.050000000000000044,0.85,0.5541492028901506,False
pubmedqa_10966943,pubmedqa_claim,REFUTE,REFUTE,0.95,KG_SINGLE_ENTITY_CONTEXT,SINGLE_ENTITY_CONTEXT,0.050000000000000044,0.65,0.7000614697858328,False
pubmedqa_11034241,pubmedqa_claim,UNCERTAIN,UNCERTAIN,0.9,KG_TWO_HOP_CONTEXT,TWO_HOP_CONTEXT,0.09999999999999998,0.85,0.5106029230146322,False
pubmedqa_11296674,pubmedqa_claim,UNCERTAIN,UNCERTAIN,0.95,KG_TWO_HOP_CONTEXT,TWO_HOP_CONTEXT,0.050000000000000044,0.85,0.477013882922879,False
pubmedqa_11411430,pubmedqa_claim,UNCERTAIN,UNCERTAIN,0.95,KG_NO_GROUNDING,NO_KG_GROUNDING,0.050000000000000044,0.3,0.2572239052535834,False
pubmedqa_11438275,pubmedqa_claim,SUPPORT,REFUTE,0.95,KG_TWO_HOP_CONTEXT,TWO_HOP_CONTEXT,0.050000000000000044,0.85,0.3712629250241548,False
pubmedqa_11458136,pubmedqa_claim,REFUTE,UNCERTAIN,0.95,KG_NO_GROUNDING,NO_KG_GROUNDING,0.050000000000000044,0.3,0.3337552575822708,False
pubmedqa_11567820,pubmedqa_claim,REFUTE,REFUTE,0.95,KG_TWO_HOP_CONTEXT,TWO_HOP_CONTEXT,0.050000000000000044,0.85,0.5207631107610422,False
pubmedqa_11570976,pubmedqa_claim,UNCERTAIN,UNCERTAIN,0.95,KG_SINGLE_ENTITY_CONTEXT,SINGLE_ENTITY_CONTEXT,0.050000000000000044,0.65,0.5970828477181975,False
pubmedqa_11729377,pubmedqa_claim,UNCERTAIN,SUPPORT,0.9,KG_SINGLE_ENTITY_CONTEXT,SINGLE_ENTITY_CONTEXT,0.09999999999999998,0.65,0.5516545074099348,False
pubmedqa_11833948,pubmedqa_claim,SUPPORT,SUPPORT,0.95,KG_SINGLE_ENTITY_CONTEXT,SINGLE_ENTITY_CONTEXT,0.050000000000000044,0.65,0.49425223752393105,False
pubmedqa_11867487,pubmedqa_claim,UNCERTAIN,UNCERTAIN,1.0,KG_SINGLE_ENTITY_CONTEXT,SINGLE_ENTITY_CONTEXT,0.0,0.65,0.5958825731925655,False
pubmedqa_11955750,pubmedqa_claim,UNCERTAIN,REFUTE,0.95,KG_NO_GROUNDING,NO_KG_GROUNDING,0.050000000000000044,0.3,0.3083693315538117,False
pubmedqa_12006913,pubmedqa_claim,REFUTE,REFUTE,0.95,KG_TWO_HOP_CONTEXT,TWO_HOP_CONTEXT,0.050000000000000044,0.85,0.4471860682045837,False
pubmedqa_12094116,pubmedqa_claim,SUPPORT,SUPPORT,0.8,KG_NO_GROUNDING,NO_KG_GROUNDING,0.19999999999999996,0.3,0.33709011559515856,False
pubmedqa_12172698,pubmedqa_claim,UNCERTAIN,SUPPORT,0.8,KG_TWO_HOP_CONTEXT,TWO_HOP_CONTEXT,0.19999999999999996,0.85,0.5767683897266154,False
pubmedqa_12407608,pubmedqa_claim,SUPPORT,UNCERTAIN,0.8,KG_SINGLE_ENTITY_CONTEXT,SINGLE_ENTITY_CONTEXT,0.19999999999999996,0.65,0.4979920854745448,False
pubmedqa_12607120,pubmedqa_claim,REFUTE,REFUTE,0.95,KG_SINGLE_ENTITY_CONTEXT,SINGLE_ENTITY_CONTEXT,0.050000000000000044,0.65,0.49425223752393105,False
pubmedqa_12607666,pubmedqa_claim,SUPPORT,SUPPORT,0.9,KG_NO_GROUNDING,NO_KG_GROUNDING,0.09999999999999998,0.3,0.3348650507136232,False
pubmedqa_12626177,pubmedqa_claim,SUPPORT,UNCERTAIN,0.7,KG_NO_GROUNDING,NO_KG_GROUNDING,0.30000000000000004,0.3,0.3393224227272299,False
pubmedqa_12630042,pubmedqa_claim,UNCERTAIN,UNCERTAIN,0.6,KG_TWO_HOP_CONTEXT,TWO_HOP_CONTEXT,0.4,0.85,0.3917891391880741,False
pubmedqa_12690589,pubmedqa_claim,SUPPORT,SUPPORT,0.65,KG_TWO_HOP_CONTEXT,TWO_HOP_CONTEXT,0.35,0.85,0.5860268276132115,False
pubmedqa_12765819,pubmedqa_claim,SUPPORT,SUPPORT,0.6,KG_SINGLE_ENTITY_CONTEXT,SINGLE_ENTITY_CONTEXT,0.4,0.65,0.7073396213685417,False
pubmedqa_12769830,pubmedqa_claim,REFUTE,REFUTE,0.9,KG_TWO_HOP_CONTEXT,TWO_HOP_CONTEXT,0.09999999999999998,0.85,0.5586368722250652,False
pubmedqa_12790890,pubmedqa_claim,REFUTE,UNCERTAIN,0.9,KG_SINGLE_ENTITY_CONTEXT,SINGLE_ENTITY_CONTEXT,0.09999999999999998,0.65,0.5982819606272058,False
pubmedqa_12805495,pubmedqa_claim,SUPPORT,UNCERTAIN,0.7,KG_SINGLE_ENTITY_CONTEXT,SINGLE_ENTITY_CONTEXT,0.30000000000000004,0.65,0.4967769948261463,False
pubmedqa_12846929,pubmedqa_claim,SUPPORT,SUPPORT,0.7,KG_PARTIAL_DIRECT,DIRECT_RELATION_UNRESOLVED,0.30000000000000004,0.5,0.5213945977572815,False
pubmedqa_12855939,pubmedqa_claim,REFUTE,REFUTE,0.95,KG_SINGLE_ENTITY_CONTEXT,SINGLE_ENTITY_CONTEXT,0.050000000000000044,0.65,0.5120857958338946,False
pubmedqa_12913347,pubmedqa_claim,UNCERTAIN,SUPPORT,0.8,KG_SINGLE_ENTITY_CONTEXT,SINGLE_ENTITY_CONTEXT,0.19999999999999996,0.65,0.5541199990013596,False
pubmedqa_12970636,pubmedqa_claim,UNCERTAIN,REFUTE,0.95,KG_NO_GROUNDING,NO_KG_GROUNDING,0.050000000000000044,0.3,0.24832492151914792,False
pubmedqa_14551704,pubmedqa_claim,SUPPORT,SUPPORT,0.95,KG_NO_GROUNDING,NO_KG_GROUNDING,0.050000000000000044,0.3,0.29272147364857865,False
pubmedqa_14599616,pubmedqa_claim,UNCERTAIN,UNCERTAIN,0.95,KG_SINGLE_ENTITY_CONTEXT,SINGLE_ENTITY_CONTEXT,0.050000000000000044,0.65,0.5508586950278312,False
pubmedqa_14612308,pubmedqa_claim,UNCERTAIN,REFUTE,0.7,KG_NO_GROUNDING,NO_KG_GROUNDING,0.30000000000000004,0.3,0.3393224227272299,False
pubmedqa_14627582,pubmedqa_claim,UNCERTAIN,REFUTE,0.9,KG_NO_GROUNDING,NO_KG_GROUNDING,0.09999999999999998,0.3,0.3348650507136232,False
pubmedqa_14631523,pubmedqa_claim,REFUTE,REFUTE,0.95,KG_TWO_HOP_CONTEXT,TWO_HOP_CONTEXT,0.050000000000000044,0.85,0.42825405205380573,False
pubmedqa_14652839,pubmedqa_claim,REFUTE,REFUTE,0.95,KG_TWO_HOP_CONTEXT,TWO_HOP_CONTEXT,0.050000000000000044,0.85,0.4508706063731548,False
pubmedqa_14978612,pubmedqa_claim,UNCERTAIN,SUPPORT,0.8,KG_SINGLE_ENTITY_CONTEXT,SINGLE_ENTITY_CONTEXT,0.19999999999999996,0.65,0.7031933456960149,False
pubmedqa_14992556,pubmedqa_claim,SUPPORT,UNCERTAIN,0.9,KG_NO_GROUNDING,NO_KG_GROUNDING,0.09999999999999998,0.3,0.3348650507136232,False
pubmedqa_15050326,pubmedqa_claim,SUPPORT,SUPPORT,0.99,KG_TWO_HOP_CONTEXT,TWO_HOP_CONTEXT,0.010000000000000009,0.85,0.5622807295661103,False
pubmedqa_15065192,pubmedqa_claim,SUPPORT,SUPPORT,0.95,KG_SINGLE_ENTITY_CONTEXT,SINGLE_ENTITY_CONTEXT,0.050000000000000044,0.65,0.5970828477181975,False
pubmedqa_15112004,pubmedqa_claim,REFUTE,REFUTE,0.9,KG_NO_GROUNDING,NO_KG_GROUNDING,0.09999999999999998,0.3,0.29375498232849706,False
pubmedqa_15223779,pubmedqa_claim,SUPPORT,SUPPORT,0.95,KG_PARTIAL_DIRECT,DIRECT_PREDICATE_OR_DIRECTION_MISMATCH,0.050000000000000044,0.5,0.6909682393607705,False
pubmedqa_15381614,pubmedqa_claim,SUPPORT,UNCERTAIN,0.95,KG_TWO_HOP_CONTEXT,TWO_HOP_CONTEXT,0.050000000000000044,0.85,0.4458553212005628,False
pubmedqa_15489384,pubmedqa_claim,SUPPORT,SUPPORT,0.8,KG_SINGLE_ENTITY_CONTEXT,SINGLE_ENTITY_CONTEXT,0.19999999999999996,0.65,0.5134769236095561,False
pubmedqa_15687156,pubmedqa_claim,SUPPORT,REFUTE,0.7,KG_SINGLE_ENTITY_CONTEXT,SINGLE_ENTITY_CONTEXT,0.30000000000000004,0.65,0.6030665328753186,False
pubmedqa_15708048,pubmedqa_claim,SUPPORT,SUPPORT,0.95,KG_NO_GROUNDING,NO_KG_GROUNDING,0.050000000000000044,0.3,0.29272147364857865,False
pubmedqa_1571683,pubmedqa_claim,SUPPORT,UNCERTAIN,0.95,KG_NO_GROUNDING,NO_KG_GROUNDING,0.050000000000000044,0.3,0.3337552575822708,False
pubmedqa_15787677,pubmedqa_claim,SUPPORT,UNCERTAIN,0.8,KG_NO_GROUNDING,NO_KG_GROUNDING,0.19999999999999996,0.3,0.29582837768644626,False
pubmedqa_15954832,pubmedqa_claim,SUPPORT,SUPPORT,0.98,KG_TWO_HOP_CONTEXT,TWO_HOP_CONTEXT,0.020000000000000018,0.85,0.4825110335187741,False
pubmedqa_16241924,pubmedqa_claim,REFUTE,REFUTE,0.8,KG_TWO_HOP_CONTEXT,TWO_HOP_CONTEXT,0.19999999999999996,0.85,0.3434184232937874,False
pubmedqa_16249670,pubmedqa_claim,SUPPORT,REFUTE,0.9,KG_NO_GROUNDING,NO_KG_GROUNDING,0.09999999999999998,0.3,0.3348650507136232,False
pubmedqa_16361634,pubmedqa_claim,REFUTE,UNCERTAIN,0.95,KG_TWO_HOP_CONTEXT,TWO_HOP_CONTEXT,0.050000000000000044,0.85,0.3754373676204102,False
pubmedqa_16392897,pubmedqa_claim,SUPPORT,UNCERTAIN,0.95,KG_NO_GROUNDING,NO_KG_GROUNDING,0.050000000000000044,0.3,0.3337552575822708,False
pubmedqa_16432652,pubmedqa_claim,SUPPORT,SUPPORT,0.95,KG_NO_GROUNDING,NO_KG_GROUNDING,0.050000000000000044,0.3,0.3337552575822708,False
pubmedqa_16538201,pubmedqa_claim,SUPPORT,UNCERTAIN,0.85,KG_NO_GROUNDING,NO_KG_GROUNDING,0.15000000000000002,0.3,0.3359766731610142,False
pubmedqa_16564683,pubmedqa_claim,SUPPORT,REFUTE,0.95,KG_SINGLE_ENTITY_CONTEXT,SINGLE_ENTITY_CONTEXT,0.050000000000000044,0.65,0.5970828477181975,False
pubmedqa_16735905,pubmedqa_claim,SUPPORT,UNCERTAIN,0.95,KG_SINGLE_ENTITY_CONTEXT,SINGLE_ENTITY_CONTEXT,0.050000000000000044,0.65,0.6585044709135999,False
pubmedqa_16816043,pubmedqa_claim,REFUTE,UNCERTAIN,0.7,KG_SINGLE_ENTITY_CONTEXT,SINGLE_ENTITY_CONTEXT,0.30000000000000004,0.65,0.6116938461143632,False
pubmedqa_16968876,pubmedqa_claim,SUPPORT,UNCERTAIN,0.95,KG_PARTIAL_DIRECT,DIRECT_RELATION_UNRESOLVED,0.050000000000000044,0.5,0.5702425543948979,False
pubmedqa_17062225,pubmedqa_claim,UNCERTAIN,SUPPORT,1.0,KG_SINGLE_ENTITY_CONTEXT,SINGLE_ENTITY_CONTEXT,0.0,0.65,0.6491877907983733,False
pubmedqa_17076091,pubmedqa_claim,SUPPORT,UNCERTAIN,0.95,KG_SINGLE_ENTITY_CONTEXT,SINGLE_ENTITY_CONTEXT,0.050000000000000044,0.65,0.7000614697858328,False
pubmedqa_17076590,pubmedqa_claim,SUPPORT,UNCERTAIN,0.9,KG_SINGLE_ENTITY_CONTEXT,SINGLE_ENTITY_CONTEXT,0.09999999999999998,0.65,0.5982819606272058,False
pubmedqa_17096624,pubmedqa_claim,SUPPORT,SUPPORT,1.0,KG_NO_GROUNDING,NO_KG_GROUNDING,0.0,0.3,0.33264730302014633,False
pubmedqa_17105833,pubmedqa_claim,SUPPORT,UNCERTAIN,0.95,KG_TWO_HOP_CONTEXT,TWO_HOP_CONTEXT,0.050000000000000044,0.85,0.33618162386937417,False
pubmedqa_17179167,pubmedqa_claim,UNCERTAIN,UNCERTAIN,0.95,KG_TWO_HOP_CONTEXT,TWO_HOP_CONTEXT,0.050000000000000044,0.85,0.490347325182882,False
pubmedqa_17208539,pubmedqa_claim,REFUTE,REFUTE,0.9,KG_NO_GROUNDING,NO_KG_GROUNDING,0.09999999999999998,0.3,0.24925692126180496,False
pubmedqa_17220021,pubmedqa_claim,UNCERTAIN,SUPPORT,0.95,KG_NO_GROUNDING,NO_KG_GROUNDING,0.050000000000000044,0.3,0.22891176968481608,False
pubmedqa_17276801,pubmedqa_claim,SUPPORT,SUPPORT,0.95,KG_TWO_HOP_CONTEXT,TWO_HOP_CONTEXT,0.050000000000000044,0.85,0.3010195394680534,False
pubmedqa_17279467,pubmedqa_claim,REFUTE,UNCERTAIN,0.9,KG_NO_GROUNDING,NO_KG_GROUNDING,0.09999999999999998,0.3,0.3348650507136232,False
pubmedqa_17323047,pubmedqa_claim,REFUTE,REFUTE,0.95,KG_TWO_HOP_CONTEXT,TWO_HOP_CONTEXT,0.050000000000000044,0.85,0.4372604429332609,False
pubmedqa_17342562,pubmedqa_claim,REFUTE,REFUTE,0.9,KG_TWO_HOP_CONTEXT,TWO_HOP_CONTEXT,0.09999999999999998,0.85,0.37937747097807967,False
pubmedqa_17355582,pubmedqa_claim,SUPPORT,SUPPORT,0.95,KG_SINGLE_ENTITY_CONTEXT,SINGLE_ENTITY_CONTEXT,0.050000000000000044,0.65,0.5504208010757159,False
pubmedqa_17403428,pubmedqa_claim,REFUTE,REFUTE,0.95,KG_SINGLE_ENTITY_CONTEXT,SINGLE_ENTITY_CONTEXT,0.050000000000000044,0.65,0.7454941432007846,False
pubmedqa_17429333,pubmedqa_claim,REFUTE,REFUTE,0.95,KG_NO_GROUNDING,NO_KG_GROUNDING,0.050000000000000044,0.3,0.3337552575822708,False
pubmedqa_17445978,pubmedqa_claim,SUPPORT,REFUTE,1.0,KG_NO_GROUNDING,NO_KG_GROUNDING,0.0,0.3,0.24739525825189615,False
pubmedqa_17462393,pubmedqa_claim,REFUTE,REFUTE,0.95,KG_SINGLE_ENTITY_CONTEXT,SINGLE_ENTITY_CONTEXT,0.050000000000000044,0.65,0.5970828477181975,False
pubmedqa_17489316,pubmedqa_claim,REFUTE,UNCERTAIN,0.95,KG_SINGLE_ENTITY_CONTEXT,SINGLE_ENTITY_CONTEXT,0.050000000000000044,0.65,0.7454941432007846,False
pubmedqa_17559449,pubmedqa_claim,REFUTE,REFUTE,0.8,KG_NO_GROUNDING,NO_KG_GROUNDING,0.19999999999999996,0.3,0.33709011559515856,False
pubmedqa_17562682,pubmedqa_claim,UNCERTAIN,UNCERTAIN,0.95,KG_SINGLE_ENTITY_CONTEXT,SINGLE_ENTITY_CONTEXT,0.050000000000000044,0.65,0.6503226500284197,False
pubmedqa_17578985,pubmedqa_claim,SUPPORT,UNCERTAIN,0.95,KG_TWO_HOP_CONTEXT,TWO_HOP_CONTEXT,0.050000000000000044,0.85,0.42024977707744715,False
pubmedqa_17595200,pubmedqa_claim,REFUTE,REFUTE,0.9,KG_PARTIAL_DIRECT,DIRECT_RELATION_UNRESOLVED,0.09999999999999998,0.5,0.5591853954668337,False
pubmedqa_17621202,pubmedqa_claim,SUPPORT,UNCERTAIN,0.95,KG_SINGLE_ENTITY_CONTEXT,SINGLE_ENTITY_CONTEXT,0.050000000000000044,0.65,0.5064736507884137,False
pubmedqa_17916877,pubmedqa_claim,REFUTE,SUPPORT,0.95,KG_PARTIAL_DIRECT,DIRECT_MATCH_QUALIFIER_INCOMPLETE,0.050000000000000044,0.5,0.517082211962065,False
pubmedqa_17940352,pubmedqa_claim,SUPPORT,UNCERTAIN,0.95,KG_SINGLE_ENTITY_CONTEXT,SINGLE_ENTITY_CONTEXT,0.050000000000000044,0.65,0.7076027575531395,False
pubmedqa_18019905,pubmedqa_claim,REFUTE,REFUTE,0.8,KG_NO_GROUNDING,NO_KG_GROUNDING,0.19999999999999996,0.3,0.26767967455525954,False
pubmedqa_18041059,pubmedqa_claim,SUPPORT,SUPPORT,0.95,KG_TWO_HOP_CONTEXT,TWO_HOP_CONTEXT,0.050000000000000044,0.85,0.41247389262586126,False
pubmedqa_18158048,pubmedqa_claim,UNCERTAIN,SUPPORT,0.95,KG_NO_GROUNDING,NO_KG_GROUNDING,0.050000000000000044,0.3,0.3337552575822708,False
pubmedqa_18179827,pubmedqa_claim,UNCERTAIN,SUPPORT,0.7,KG_SINGLE_ENTITY_CONTEXT,SINGLE_ENTITY_CONTEXT,0.30000000000000004,0.65,0.512262604761363,False
pubmedqa_18239988,pubmedqa_claim,SUPPORT,SUPPORT,0.95,KG_NO_GROUNDING,NO_KG_GROUNDING,0.050000000000000044,0.3,0.3337552575822708,False
pubmedqa_18243752,pubmedqa_claim,UNCERTAIN,UNCERTAIN,0.95,KG_TWO_HOP_CONTEXT,TWO_HOP_CONTEXT,0.050000000000000044,0.85,0.40438695735945385,False
pubmedqa_18284441,pubmedqa_claim,UNCERTAIN,UNCERTAIN,0.85,KG_TWO_HOP_CONTEXT,TWO_HOP_CONTEXT,0.15000000000000002,0.85,0.5636807260846918,False
pubmedqa_18319270,pubmedqa_claim,REFUTE,REFUTE,0.9,KG_NO_GROUNDING,NO_KG_GROUNDING,0.09999999999999998,0.3,0.3348650507136232,False
pubmedqa_18375490,pubmedqa_claim,REFUTE,REFUTE,0.95,KG_NO_GROUNDING,NO_KG_GROUNDING,0.050000000000000044,0.3,0.3337552575822708,False
pubmedqa_18378554,pubmedqa_claim,REFUTE,REFUTE,0.95,KG_SINGLE_ENTITY_CONTEXT,SINGLE_ENTITY_CONTEXT,0.050000000000000044,0.65,0.6503226500284197,False
pubmedqa_18507507,pubmedqa_claim,UNCERTAIN,SUPPORT,0.85,KG_NO_GROUNDING,NO_KG_GROUNDING,0.15000000000000002,0.3,0.3359766731610142,False
pubmedqa_18534072,pubmedqa_claim,UNCERTAIN,REFUTE,0.6,KG_NO_GROUNDING,NO_KG_GROUNDING,0.4,0.3,0.3415618959609897,False
pubmedqa_18568290,pubmedqa_claim,SUPPORT,UNCERTAIN,0.9,KG_NO_GROUNDING,NO_KG_GROUNDING,0.09999999999999998,0.3,0.24925692126180496,False
pubmedqa_18714572,pubmedqa_claim,UNCERTAIN,UNCERTAIN,0.7,KG_SINGLE_ENTITY_CONTEXT,SINGLE_ENTITY_CONTEXT,0.30000000000000004,0.65,0.6559712400107428,False
pubmedqa_18800356,pubmedqa_claim,REFUTE,UNCERTAIN,0.95,KG_TWO_HOP_CONTEXT,TWO_HOP_CONTEXT,0.050000000000000044,0.85,0.5099575798000257,False
pubmedqa_18802997,pubmedqa_claim,SUPPORT,UNCERTAIN,0.95,KG_SINGLE_ENTITY_CONTEXT,SINGLE_ENTITY_CONTEXT,0.050000000000000044,0.65,0.7000614697858328,False
pubmedqa_18847643,pubmedqa_claim,REFUTE,REFUTE,0.92,KG_SINGLE_ENTITY_CONTEXT,SINGLE_ENTITY_CONTEXT,0.07999999999999996,0.65,0.5511611002946667,False
pubmedqa_18928979,pubmedqa_claim,SUPPORT,SUPPORT,0.9,KG_NO_GROUNDING,NO_KG_GROUNDING,0.09999999999999998,0.3,0.29375498232849706,False
pubmedqa_18948835,pubmedqa_claim,SUPPORT,SUPPORT,0.95,KG_SINGLE_ENTITY_CONTEXT,SINGLE_ENTITY_CONTEXT,0.050000000000000044,0.65,0.6503226500284197,False
pubmedqa_19054501,pubmedqa_claim,UNCERTAIN,SUPPORT,0.7,KG_TWO_HOP_CONTEXT,TWO_HOP_CONTEXT,0.30000000000000004,0.85,0.5322452197715356,False
pubmedqa_19058191,pubmedqa_claim,SUPPORT,SUPPORT,0.95,KG_NO_GROUNDING,NO_KG_GROUNDING,0.050000000000000044,0.3,0.29272147364857865,False
pubmedqa_19103915,pubmedqa_claim,SUPPORT,UNCERTAIN,0.9,KG_NO_GROUNDING,NO_KG_GROUNDING,0.09999999999999998,0.3,0.29375498232849706,False
pubmedqa_19106867,pubmedqa_claim,UNCERTAIN,SUPPORT,1.0,KG_SINGLE_ENTITY_CONTEXT,SINGLE_ENTITY_CONTEXT,0.0,0.65,0.5958825731925655,False
pubmedqa_19142546,pubmedqa_claim,REFUTE,REFUTE,0.95,KG_SINGLE_ENTITY_CONTEXT,SINGLE_ENTITY_CONTEXT,0.050000000000000044,0.65,0.5508586950278312,False
pubmedqa_19145527,pubmedqa_claim,SUPPORT,UNCERTAIN,0.99,KG_SINGLE_ENTITY_CONTEXT,SINGLE_ENTITY_CONTEXT,0.010000000000000009,0.65,0.5961227203914649,False
pubmedqa_19155657,pubmedqa_claim,SUPPORT,UNCERTAIN,0.9,KG_SINGLE_ENTITY_CONTEXT,SINGLE_ENTITY_CONTEXT,0.09999999999999998,0.65,0.708633460082484,False
pubmedqa_19309468,pubmedqa_claim,SUPPORT,SUPPORT,0.9,KG_SINGLE_ENTITY_CONTEXT,SINGLE_ENTITY_CONTEXT,0.09999999999999998,0.65,0.5982819606272058,False
pubmedqa_19351635,pubmedqa_claim,UNCERTAIN,UNCERTAIN,0.9,KG_NO_GROUNDING,NO_KG_GROUNDING,0.09999999999999998,0.3,0.29375498232849706,False
pubmedqa_19398929,pubmedqa_claim,REFUTE,REFUTE,0.95,KG_SINGLE_ENTITY_CONTEXT,SINGLE_ENTITY_CONTEXT,0.050000000000000044,0.65,0.7000614697858328,False
pubmedqa_19401574,pubmedqa_claim,SUPPORT,SUPPORT,0.99,KG_NO_GROUNDING,NO_KG_GROUNDING,0.010000000000000009,0.3,0.33286874640544145,False
pubmedqa_19406119,pubmedqa_claim,UNCERTAIN,SUPPORT,0.9,KG_TWO_HOP_CONTEXT,TWO_HOP_CONTEXT,0.09999999999999998,0.85,0.5433907801177357,False
pubmedqa_19444061,pubmedqa_claim,REFUTE,REFUTE,0.95,KG_TWO_HOP_CONTEXT,TWO_HOP_CONTEXT,0.050000000000000044,0.85,0.4145924272070825,False
pubmedqa_19468282,pubmedqa_claim,UNCERTAIN,UNCERTAIN,0.9,KG_TWO_HOP_CONTEXT,TWO_HOP_CONTEXT,0.09999999999999998,0.85,0.5520942110321352,False
pubmedqa_19481382,pubmedqa_claim,UNCERTAIN,REFUTE,0.9,KG_SINGLE_ENTITY_CONTEXT,SINGLE_ENTITY_CONTEXT,0.09999999999999998,0.65,0.5516545074099348,False
pubmedqa_19504993,pubmedqa_claim,SUPPORT,SUPPORT,0.95,KG_SINGLE_ENTITY_CONTEXT,SINGLE_ENTITY_CONTEXT,0.050000000000000044,0.65,0.6503226500284197,False
pubmedqa_19542542,pubmedqa_claim,REFUTE,UNCERTAIN,0.95,KG_SINGLE_ENTITY_CONTEXT,SINGLE_ENTITY_CONTEXT,0.050000000000000044,0.65,0.49054459363742076,False
pubmedqa_19546588,pubmedqa_claim,REFUTE,REFUTE,0.95,KG_SINGLE_ENTITY_CONTEXT,SINGLE_ENTITY_CONTEXT,0.050000000000000044,0.65,0.5060312877555563,False
pubmedqa_19575104,pubmedqa_claim,UNCERTAIN,REFUTE,0.9,KG_SINGLE_ENTITY_CONTEXT,SINGLE_ENTITY_CONTEXT,0.09999999999999998,0.65,0.5982819606272058,False
pubmedqa_19578820,pubmedqa_claim,UNCERTAIN,UNCERTAIN,0.6,KG_SINGLE_ENTITY_CONTEXT,SINGLE_ENTITY_CONTEXT,0.4,0.65,0.658218491733747,False
pubmedqa_19608436,pubmedqa_claim,SUPPORT,SUPPORT,0.9,KG_NO_GROUNDING,NO_KG_GROUNDING,0.09999999999999998,0.3,0.3348650507136232,False
pubmedqa_19640728,pubmedqa_claim,UNCERTAIN,SUPPORT,0.7,KG_SINGLE_ENTITY_CONTEXT,SINGLE_ENTITY_CONTEXT,0.30000000000000004,0.65,0.6116938461143632,False
pubmedqa_19643525,pubmedqa_claim,SUPPORT,REFUTE,0.95,KG_NO_GROUNDING,NO_KG_GROUNDING,0.050000000000000044,0.3,0.3337552575822708,False
pubmedqa_19694846,pubmedqa_claim,REFUTE,UNCERTAIN,0.95,KG_SINGLE_ENTITY_CONTEXT,SINGLE_ENTITY_CONTEXT,0.050000000000000044,0.65,0.5970828477181975,False
pubmedqa_19711462,pubmedqa_claim,UNCERTAIN,UNCERTAIN,0.7,KG_NO_GROUNDING,NO_KG_GROUNDING,0.30000000000000004,0.3,0.3393224227272299,False
pubmedqa_19712912,pubmedqa_claim,REFUTE,REFUTE,0.95,KG_NO_GROUNDING,NO_KG_GROUNDING,0.050000000000000044,0.3,0.3337552575822708,False
pubmedqa_20082356,pubmedqa_claim,UNCERTAIN,UNCERTAIN,0.95,KG_SINGLE_ENTITY_CONTEXT,SINGLE_ENTITY_CONTEXT,0.050000000000000044,0.65,0.6503226500284197,False
pubmedqa_20101129,pubmedqa_claim,UNCERTAIN,UNCERTAIN,0.95,KG_TWO_HOP_CONTEXT,TWO_HOP_CONTEXT,0.050000000000000044,0.85,0.47205486269798524,False
pubmedqa_20187289,pubmedqa_claim,REFUTE,REFUTE,0.9,KG_TWO_HOP_CONTEXT,TWO_HOP_CONTEXT,0.09999999999999998,0.85,0.41034312709497617,False
pubmedqa_20197761,pubmedqa_claim,REFUTE,UNCERTAIN,1.0,KG_SINGLE_ENTITY_CONTEXT,SINGLE_ENTITY_CONTEXT,0.0,0.65,0.6491877907983733,False
pubmedqa_20337202,pubmedqa_claim,SUPPORT,UNCERTAIN,0.9,KG_SINGLE_ENTITY_CONTEXT,SINGLE_ENTITY_CONTEXT,0.09999999999999998,0.65,0.4954988027101227,False
pubmedqa_20382292,pubmedqa_claim,SUPPORT,SUPPORT,0.95,KG_TWO_HOP_CONTEXT,TWO_HOP_CONTEXT,0.050000000000000044,0.85,0.44012746524969293,False
pubmedqa_20488985,pubmedqa_claim,REFUTE,REFUTE,0.9,KG_NO_GROUNDING,NO_KG_GROUNDING,0.09999999999999998,0.3,0.3348650507136232,False
pubmedqa_20497880,pubmedqa_claim,REFUTE,REFUTE,0.95,KG_NO_GROUNDING,NO_KG_GROUNDING,0.050000000000000044,0.3,0.3337552575822708,False
pubmedqa_20530150,pubmedqa_claim,REFUTE,REFUTE,0.95,KG_SINGLE_ENTITY_CONTEXT,SINGLE_ENTITY_CONTEXT,0.050000000000000044,0.65,0.5970828477181975,False
pubmedqa_20602784,pubmedqa_claim,SUPPORT,SUPPORT,0.95,KG_TWO_HOP_CONTEXT,TWO_HOP_CONTEXT,0.050000000000000044,0.85,0.42651572628002266,False
pubmedqa_20608141,pubmedqa_claim,REFUTE,REFUTE,0.95,KG_NO_GROUNDING,NO_KG_GROUNDING,0.050000000000000044,0.3,0.3337552575822708,False
pubmedqa_20736672,pubmedqa_claim,SUPPORT,UNCERTAIN,0.95,KG_NO_GROUNDING,NO_KG_GROUNDING,0.050000000000000044,0.3,0.2572239052535834,False
pubmedqa_20736887,pubmedqa_claim,REFUTE,REFUTE,0.95,KG_TWO_HOP_CONTEXT,TWO_HOP_CONTEXT,0.050000000000000044,0.85,0.5803524278593032,False
pubmedqa_20828836,pubmedqa_claim,SUPPORT,SUPPORT,0.85,KG_NO_GROUNDING,NO_KG_GROUNDING,0.15000000000000002,0.3,0.3359766731610142,False
pubmedqa_20871246,pubmedqa_claim,REFUTE,UNCERTAIN,0.9,KG_NO_GROUNDING,NO_KG_GROUNDING,0.09999999999999998,0.3,0.2657291177841098,False
pubmedqa_20971618,pubmedqa_claim,REFUTE,UNCERTAIN,0.95,KG_TWO_HOP_CONTEXT,TWO_HOP_CONTEXT,0.050000000000000044,0.85,0.43885521351220685,False
pubmedqa_21080127,pubmedqa_claim,REFUTE,UNCERTAIN,0.9,KG_NO_GROUNDING,NO_KG_GROUNDING,0.09999999999999998,0.3,0.3348650507136232,False
pubmedqa_21190419,pubmedqa_claim,REFUTE,REFUTE,0.95,KG_SINGLE_ENTITY_CONTEXT,SINGLE_ENTITY_CONTEXT,0.050000000000000044,0.65,0.5508586950278312,False
pubmedqa_21228436,pubmedqa_claim,SUPPORT,SUPPORT,0.95,KG_NO_GROUNDING,NO_KG_GROUNDING,0.050000000000000044,0.3,0.29272147364857865,False
pubmedqa_21276532,pubmedqa_claim,UNCERTAIN,SUPPORT,0.7,KG_SINGLE_ENTITY_CONTEXT,SINGLE_ENTITY_CONTEXT,0.30000000000000004,0.65,0.6559712400107428,False
pubmedqa_21558951,pubmedqa_claim,REFUTE,REFUTE,0.95,KG_SINGLE_ENTITY_CONTEXT,SINGLE_ENTITY_CONTEXT,0.050000000000000044,0.65,0.49425223752393105,False
pubmedqa_21592383,pubmedqa_claim,REFUTE,REFUTE,0.9,KG_NO_GROUNDING,NO_KG_GROUNDING,0.09999999999999998,0.3,0.3348650507136232,False
pubmedqa_21756515,pubmedqa_claim,SUPPORT,UNCERTAIN,0.7,KG_TWO_HOP_CONTEXT,TWO_HOP_CONTEXT,0.30000000000000004,0.85,0.4145487241623937,False
pubmedqa_21848798,pubmedqa_claim,SUPPORT,SUPPORT,0.8,KG_SINGLE_ENTITY_CONTEXT,SINGLE_ENTITY_CONTEXT,0.19999999999999996,0.65,0.6006766488402896,False
pubmedqa_21864397,pubmedqa_claim,SUPPORT,SUPPORT,0.9,KG_TWO_HOP_CONTEXT,TWO_HOP_CONTEXT,0.09999999999999998,0.85,0.5626409396869341,False
pubmedqa_21880023,pubmedqa_claim,UNCERTAIN,REFUTE,0.9,KG_TWO_HOP_CONTEXT,TWO_HOP_CONTEXT,0.09999999999999998,0.85,0.3036716988269716,False
pubmedqa_21914194,pubmedqa_claim,SUPPORT,UNCERTAIN,0.9,KG_NO_GROUNDING,NO_KG_GROUNDING,0.09999999999999998,0.3,0.3348650507136232,False
pubmedqa_22042121,pubmedqa_claim,UNCERTAIN,REFUTE,0.9,KG_SINGLE_ENTITY_CONTEXT,SINGLE_ENTITY_CONTEXT,0.09999999999999998,0.65,0.6514558090941045,False
pubmedqa_22108230,pubmedqa_claim,SUPPORT,SUPPORT,0.95,KG_SINGLE_ENTITY_CONTEXT,SINGLE_ENTITY_CONTEXT,0.050000000000000044,0.65,0.5970828477181975,False
pubmedqa_22117569,pubmedqa_claim,SUPPORT,SUPPORT,0.95,KG_NO_GROUNDING,NO_KG_GROUNDING,0.050000000000000044,0.3,0.3337552575822708,False
pubmedqa_22211919,pubmedqa_claim,SUPPORT,UNCERTAIN,0.9,KG_NO_GROUNDING,NO_KG_GROUNDING,0.09999999999999998,0.3,0.29375498232849706,False
pubmedqa_22227642,pubmedqa_claim,UNCERTAIN,REFUTE,1.0,KG_SINGLE_ENTITY_CONTEXT,SINGLE_ENTITY_CONTEXT,0.0,0.65,0.5958825731925655,False
pubmedqa_22251324,pubmedqa_claim,REFUTE,REFUTE,1.0,KG_NO_GROUNDING,NO_KG_GROUNDING,0.0,0.3,0.33264730302014633,False
pubmedqa_22411435,pubmedqa_claim,SUPPORT,SUPPORT,0.95,KG_TWO_HOP_CONTEXT,TWO_HOP_CONTEXT,0.050000000000000044,0.85,0.33889289774102466,False
pubmedqa_22427593,pubmedqa_claim,REFUTE,UNCERTAIN,0.95,KG_NO_GROUNDING,NO_KG_GROUNDING,0.050000000000000044,0.3,0.3337552575822708,False
pubmedqa_22491528,pubmedqa_claim,SUPPORT,UNCERTAIN,0.85,KG_SINGLE_ENTITY_CONTEXT,SINGLE_ENTITY_CONTEXT,0.15000000000000002,0.65,0.6050168292477331,False
pubmedqa_22519710,pubmedqa_claim,UNCERTAIN,REFUTE,0.85,KG_SINGLE_ENTITY_CONTEXT,SINGLE_ENTITY_CONTEXT,0.15000000000000002,0.65,0.599479898717064,False
pubmedqa_22537902,pubmedqa_claim,REFUTE,REFUTE,0.95,KG_TWO_HOP_CONTEXT,TWO_HOP_CONTEXT,0.050000000000000044,0.85,0.49439506457767485,False
pubmedqa_22680064,pubmedqa_claim,SUPPORT,SUPPORT,0.95,KG_NO_GROUNDING,NO_KG_GROUNDING,0.050000000000000044,0.3,0.3337552575822708,False
pubmedqa_22706226,pubmedqa_claim,SUPPORT,UNCERTAIN,0.95,KG_TWO_HOP_CONTEXT,TWO_HOP_CONTEXT,0.050000000000000044,0.85,0.4409208926413022,False
pubmedqa_22768311,pubmedqa_claim,UNCERTAIN,REFUTE,0.9,KG_TWO_HOP_CONTEXT,TWO_HOP_CONTEXT,0.09999999999999998,0.85,0.5462811691004943,False
pubmedqa_22867778,pubmedqa_claim,SUPPORT,UNCERTAIN,0.95,KG_NO_GROUNDING,NO_KG_GROUNDING,0.050000000000000044,0.3,0.3337552575822708,False
pubmedqa_22876568,pubmedqa_claim,REFUTE,REFUTE,0.9,KG_TWO_HOP_CONTEXT,TWO_HOP_CONTEXT,0.09999999999999998,0.85,0.5597315709820685,False
pubmedqa_22954812,pubmedqa_claim,SUPPORT,UNCERTAIN,0.8,KG_NO_GROUNDING,NO_KG_GROUNDING,0.19999999999999996,0.3,0.29582837768644626,False
pubmedqa_22979954,pubmedqa_claim,UNCERTAIN,SUPPORT,0.95,KG_NO_GROUNDING,NO_KG_GROUNDING,0.050000000000000044,0.3,0.3086799926398781,False
pubmedqa_23052500,pubmedqa_claim,SUPPORT,REFUTE,0.8,KG_TWO_HOP_CONTEXT,TWO_HOP_CONTEXT,0.19999999999999996,0.85,0.5072133594690316,False
pubmedqa_23149821,pubmedqa_claim,UNCERTAIN,UNCERTAIN,0.9,KG_TWO_HOP_CONTEXT,TWO_HOP_CONTEXT,0.09999999999999998,0.85,0.33468969646638186,False
pubmedqa_23177368,pubmedqa_claim,REFUTE,REFUTE,0.95,KG_NO_GROUNDING,NO_KG_GROUNDING,0.050000000000000044,0.3,0.3337552575822708,False
pubmedqa_23252468,pubmedqa_claim,REFUTE,REFUTE,0.95,KG_SINGLE_ENTITY_CONTEXT,SINGLE_ENTITY_CONTEXT,0.050000000000000044,0.65,0.7000614697858328,False
pubmedqa_23348330,pubmedqa_claim,SUPPORT,SUPPORT,0.7,KG_NO_GROUNDING,NO_KG_GROUNDING,0.30000000000000004,0.3,0.2648950231798609,False
pubmedqa_23359100,pubmedqa_claim,UNCERTAIN,SUPPORT,0.6,KG_SINGLE_ENTITY_CONTEXT,SINGLE_ENTITY_CONTEXT,0.4,0.65,0.614479482369302,False
pubmedqa_23360491,pubmedqa_claim,SUPPORT,UNCERTAIN,0.95,KG_NO_GROUNDING,NO_KG_GROUNDING,0.050000000000000044,0.3,0.3337552575822708,False
pubmedqa_23386371,pubmedqa_claim,SUPPORT,UNCERTAIN,0.8,KG_TWO_HOP_CONTEXT,TWO_HOP_CONTEXT,0.19999999999999996,0.85,0.48182549589605583,False
pubmedqa_23389866,pubmedqa_claim,REFUTE,REFUTE,0.8,KG_TWO_HOP_CONTEXT,TWO_HOP_CONTEXT,0.19999999999999996,0.85,0.5582145176563954,False
pubmedqa_23455575,pubmedqa_claim,REFUTE,REFUTE,0.95,KG_NO_GROUNDING,NO_KG_GROUNDING,0.050000000000000044,0.3,0.3337552575822708,False
pubmedqa_23497210,pubmedqa_claim,SUPPORT,REFUTE,0.95,KG_TWO_HOP_CONTEXT,TWO_HOP_CONTEXT,0.050000000000000044,0.85,0.38551444339957097,False
pubmedqa_23506394,pubmedqa_claim,UNCERTAIN,SUPPORT,0.9,KG_SINGLE_ENTITY_CONTEXT,SINGLE_ENTITY_CONTEXT,0.09999999999999998,0.65,0.6596249933047088,False
pubmedqa_23571528,pubmedqa_claim,REFUTE,REFUTE,0.95,KG_NO_GROUNDING,NO_KG_GROUNDING,0.050000000000000044,0.3,0.3337552575822708,False
pubmedqa_23598835,pubmedqa_claim,REFUTE,REFUTE,0.95,KG_SINGLE_ENTITY_CONTEXT,SINGLE_ENTITY_CONTEXT,0.050000000000000044,0.65,0.6061777547123303,False
pubmedqa_23719685,pubmedqa_claim,UNCERTAIN,REFUTE,0.9,KG_PARTIAL_DIRECT,DIRECT_PREDICATE_OR_DIRECTION_MISMATCH,0.09999999999999998,0.5,0.5530599405874741,False
pubmedqa_23761381,pubmedqa_claim,REFUTE,REFUTE,0.85,KG_SINGLE_ENTITY_CONTEXT,SINGLE_ENTITY_CONTEXT,0.15000000000000002,0.65,0.652587257755206,False
pubmedqa_23792130,pubmedqa_claim,SUPPORT,SUPPORT,0.95,KG_SINGLE_ENTITY_CONTEXT,SINGLE_ENTITY_CONTEXT,0.050000000000000044,0.65,0.5970828477181975,False
pubmedqa_23794696,pubmedqa_claim,REFUTE,REFUTE,0.95,KG_NO_GROUNDING,NO_KG_GROUNDING,0.050000000000000044,0.3,0.3337552575822708,False
pubmedqa_23806388,pubmedqa_claim,SUPPORT,SUPPORT,0.95,KG_TWO_HOP_CONTEXT,TWO_HOP_CONTEXT,0.050000000000000044,0.85,0.46823377383980475,False
pubmedqa_23810330,pubmedqa_claim,SUPPORT,SUPPORT,0.9,KG_NO_GROUNDING,NO_KG_GROUNDING,0.09999999999999998,0.3,0.2581778325649348,False
pubmedqa_23848044,pubmedqa_claim,SUPPORT,SUPPORT,0.95,KG_PARTIAL_DIRECT,DIRECT_MATCH_QUALIFIER_INCOMPLETE,0.050000000000000044,0.5,0.5618442003241294,False
pubmedqa_23860049,pubmedqa_claim,REFUTE,UNCERTAIN,0.95,KG_SINGLE_ENTITY_CONTEXT,SINGLE_ENTITY_CONTEXT,0.050000000000000044,0.65,0.6057551945959558,False
pubmedqa_23949294,pubmedqa_claim,SUPPORT,SUPPORT,0.9,KG_NO_GROUNDING,NO_KG_GROUNDING,0.09999999999999998,0.3,0.3348650507136232,False
pubmedqa_23999452,pubmedqa_claim,UNCERTAIN,SUPPORT,0.8,KG_SINGLE_ENTITY_CONTEXT,SINGLE_ENTITY_CONTEXT,0.19999999999999996,0.65,0.5134769236095561,False
pubmedqa_24019262,pubmedqa_claim,UNCERTAIN,SUPPORT,0.7,KG_TWO_HOP_CONTEXT,TWO_HOP_CONTEXT,0.30000000000000004,0.85,0.4623158545456021,False
pubmedqa_24074624,pubmedqa_claim,REFUTE,REFUTE,0.95,KG_NO_GROUNDING,NO_KG_GROUNDING,0.050000000000000044,0.3,0.24556634805821717,False
pubmedqa_24139705,pubmedqa_claim,REFUTE,SUPPORT,0.8,KG_NO_GROUNDING,NO_KG_GROUNDING,0.19999999999999996,0.3,0.33709011559515856,False
pubmedqa_24160268,pubmedqa_claim,UNCERTAIN,UNCERTAIN,1.0,KG_NO_GROUNDING,NO_KG_GROUNDING,0.0,0.3,0.33264730302014633,False
pubmedqa_24183388,pubmedqa_claim,SUPPORT,UNCERTAIN,0.9,KG_SINGLE_ENTITY_CONTEXT,SINGLE_ENTITY_CONTEXT,0.09999999999999998,0.65,0.6514558090941045,False
pubmedqa_24235894,pubmedqa_claim,SUPPORT,REFUTE,0.9,KG_SINGLE_ENTITY_CONTEXT,SINGLE_ENTITY_CONTEXT,0.09999999999999998,0.65,0.7011075266720944,False
pubmedqa_24315783,pubmedqa_claim,UNCERTAIN,SUPPORT,0.6,KG_PARTIAL_DIRECT,DIRECT_RELATION_UNRESOLVED,0.4,0.5,0.6647697884989858,False
pubmedqa_24359102,pubmedqa_claim,REFUTE,SUPPORT,0.8,KG_TWO_HOP_CONTEXT,TWO_HOP_CONTEXT,0.19999999999999996,0.85,0.5097039908982425,False
pubmedqa_24434052,pubmedqa_claim,SUPPORT,UNCERTAIN,0.9,KG_NO_GROUNDING,NO_KG_GROUNDING,0.09999999999999998,0.3,0.3348650507136232,False
pubmedqa_24446763,pubmedqa_claim,REFUTE,REFUTE,0.95,KG_SINGLE_ENTITY_CONTEXT,SINGLE_ENTITY_CONTEXT,0.050000000000000044,0.65,0.49425223752393105,False
pubmedqa_24495711,pubmedqa_claim,SUPPORT,SUPPORT,0.95,KG_NO_GROUNDING,NO_KG_GROUNDING,0.050000000000000044,0.3,0.3337552575822708,False
pubmedqa_24577079,pubmedqa_claim,REFUTE,REFUTE,0.95,KG_SINGLE_ENTITY_CONTEXT,SINGLE_ENTITY_CONTEXT,0.050000000000000044,0.65,0.5060312877555563,False
pubmedqa_24591144,pubmedqa_claim,SUPPORT,UNCERTAIN,0.9,KG_SINGLE_ENTITY_CONTEXT,SINGLE_ENTITY_CONTEXT,0.09999999999999998,0.65,0.7464391405700561,False
pubmedqa_24625433,pubmedqa_claim,REFUTE,REFUTE,0.95,KG_NO_GROUNDING,NO_KG_GROUNDING,0.050000000000000044,0.3,0.29272147364857865,False
pubmedqa_24652474,pubmedqa_claim,REFUTE,REFUTE,0.85,KG_NO_GROUNDING,NO_KG_GROUNDING,0.15000000000000002,0.3,0.2501912546670026,False
pubmedqa_24669960,pubmedqa_claim,REFUTE,REFUTE,0.95,KG_NO_GROUNDING,NO_KG_GROUNDING,0.050000000000000044,0.3,0.29272147364857865,False
pubmedqa_24739448,pubmedqa_claim,REFUTE,REFUTE,0.95,KG_NO_GROUNDING,NO_KG_GROUNDING,0.050000000000000044,0.3,0.3337552575822708,False
pubmedqa_24809662,pubmedqa_claim,REFUTE,REFUTE,0.95,KG_SINGLE_ENTITY_CONTEXT,SINGLE_ENTITY_CONTEXT,0.050000000000000044,0.65,0.49425223752393105,False
pubmedqa_24851767,pubmedqa_claim,REFUTE,REFUTE,0.7,KG_SINGLE_ENTITY_CONTEXT,SINGLE_ENTITY_CONTEXT,0.30000000000000004,0.65,0.556582830454739,False
pubmedqa_24922528,pubmedqa_claim,REFUTE,REFUTE,1.0,KG_SINGLE_ENTITY_CONTEXT,SINGLE_ENTITY_CONTEXT,0.0,0.65,0.5958825731925655,False
pubmedqa_24939676,pubmedqa_claim,REFUTE,REFUTE,0.95,KG_PARTIAL_DIRECT,DIRECT_RELATION_UNRESOLVED,0.050000000000000044,0.5,0.6319755576284616,False
pubmedqa_24946973,pubmedqa_claim,REFUTE,UNCERTAIN,0.95,KG_SINGLE_ENTITY_CONTEXT,SINGLE_ENTITY_CONTEXT,0.050000000000000044,0.65,0.5970828477181975,False
pubmedqa_24973051,pubmedqa_claim,REFUTE,REFUTE,0.9,KG_NO_GROUNDING,NO_KG_GROUNDING,0.09999999999999998,0.3,0.3348650507136232,False
pubmedqa_24995509,pubmedqa_claim,REFUTE,UNCERTAIN,0.95,KG_PARTIAL_DIRECT,DIRECT_PREDICATE_OR_DIRECTION_MISMATCH,0.050000000000000044,0.5,0.6024763079406019,False
pubmedqa_25007420,pubmedqa_claim,SUPPORT,UNCERTAIN,0.95,KG_NO_GROUNDING,NO_KG_GROUNDING,0.050000000000000044,0.3,0.3337552575822708,False
pubmedqa_25043083,pubmedqa_claim,SUPPORT,SUPPORT,0.95,KG_SINGLE_ENTITY_CONTEXT,SINGLE_ENTITY_CONTEXT,0.050000000000000044,0.65,0.5970828477181975,False
pubmedqa_25079920,pubmedqa_claim,REFUTE,UNCERTAIN,0.95,KG_NO_GROUNDING,NO_KG_GROUNDING,0.050000000000000044,0.3,0.24556634805821717,False
pubmedqa_25103647,pubmedqa_claim,UNCERTAIN,UNCERTAIN,0.95,KG_SINGLE_ENTITY_CONTEXT,SINGLE_ENTITY_CONTEXT,0.050000000000000044,0.65,0.5970828477181975,False
pubmedqa_25274085,pubmedqa_claim,UNCERTAIN,REFUTE,0.85,KG_PARTIAL_DIRECT,DIRECT_RELATION_UNRESOLVED,0.15000000000000002,0.5,0.46113474138277494,False
pubmedqa_25277731,pubmedqa_claim,UNCERTAIN,UNCERTAIN,0.6,KG_SINGLE_ENTITY_CONTEXT,SINGLE_ENTITY_CONTEXT,0.4,0.65,0.5590428837844973,False
pubmedqa_25280365,pubmedqa_claim,SUPPORT,SUPPORT,0.95,KG_SINGLE_ENTITY_CONTEXT,SINGLE_ENTITY_CONTEXT,0.050000000000000044,0.65,0.5970828477181975,False
pubmedqa_25311479,pubmedqa_claim,SUPPORT,SUPPORT,0.9,KG_SINGLE_ENTITY_CONTEXT,SINGLE_ENTITY_CONTEXT,0.09999999999999998,0.65,0.5982819606272058,False
pubmedqa_25371231,pubmedqa_claim,UNCERTAIN,UNCERTAIN,0.6,KG_SINGLE_ENTITY_CONTEXT,SINGLE_ENTITY_CONTEXT,0.4,0.65,0.658218491733747,False
pubmedqa_25394614,pubmedqa_claim,REFUTE,UNCERTAIN,0.9,KG_TWO_HOP_CONTEXT,TWO_HOP_CONTEXT,0.09999999999999998,0.85,0.3843764916478697,False
pubmedqa_25571931,pubmedqa_claim,REFUTE,UNCERTAIN,0.95,KG_NO_GROUNDING,NO_KG_GROUNDING,0.050000000000000044,0.3,0.30552346751336634,False
pubmedqa_25614468,pubmedqa_claim,SUPPORT,REFUTE,0.7,KG_SINGLE_ENTITY_CONTEXT,SINGLE_ENTITY_CONTEXT,0.30000000000000004,0.65,0.6559712400107428,False
pubmedqa_25636371,pubmedqa_claim,SUPPORT,UNCERTAIN,0.9,KG_TWO_HOP_CONTEXT,TWO_HOP_CONTEXT,0.09999999999999998,0.85,0.529187046652326,False
pubmedqa_25699562,pubmedqa_claim,SUPPORT,SUPPORT,0.95,KG_NO_GROUNDING,NO_KG_GROUNDING,0.050000000000000044,0.3,0.24832492151914792,False
pubmedqa_25735444,pubmedqa_claim,UNCERTAIN,UNCERTAIN,0.9,KG_SINGLE_ENTITY_CONTEXT,SINGLE_ENTITY_CONTEXT,0.09999999999999998,0.65,0.7011075266720944,False
pubmedqa_25779009,pubmedqa_claim,UNCERTAIN,UNCERTAIN,0.6,KG_NO_GROUNDING,NO_KG_GROUNDING,0.4,0.3,0.3415618959609897,False
pubmedqa_25787073,pubmedqa_claim,REFUTE,REFUTE,0.95,KG_TWO_HOP_CONTEXT,TWO_HOP_CONTEXT,0.050000000000000044,0.85,0.509916334571193,False
pubmedqa_25793749,pubmedqa_claim,REFUTE,UNCERTAIN,0.95,KG_NO_GROUNDING,NO_KG_GROUNDING,0.050000000000000044,0.3,0.29272147364857865,False
pubmedqa_25810292,pubmedqa_claim,SUPPORT,SUPPORT,0.95,KG_SINGLE_ENTITY_CONTEXT,SINGLE_ENTITY_CONTEXT,0.050000000000000044,0.65,0.6503226500284197,False
pubmedqa_25940336,pubmedqa_claim,SUPPORT,SUPPORT,0.7,KG_SINGLE_ENTITY_CONTEXT,SINGLE_ENTITY_CONTEXT,0.30000000000000004,0.65,0.6030665328753186,False
pubmedqa_25987398,pubmedqa_claim,UNCERTAIN,UNCERTAIN,0.8,KG_SINGLE_ENTITY_CONTEXT,SINGLE_ENTITY_CONTEXT,0.19999999999999996,0.65,0.6537169858448627,False
pubmedqa_26037986,pubmedqa_claim,SUPPORT,UNCERTAIN,0.95,KG_SINGLE_ENTITY_CONTEXT,SINGLE_ENTITY_CONTEXT,0.050000000000000044,0.65,0.515791414841611,False
pubmedqa_26063028,pubmedqa_claim,SUPPORT,SUPPORT,0.9,KG_TWO_HOP_CONTEXT,TWO_HOP_CONTEXT,0.09999999999999998,0.85,0.5573001523731742,False
pubmedqa_26113007,pubmedqa_claim,REFUTE,REFUTE,0.95,KG_NO_GROUNDING,NO_KG_GROUNDING,0.050000000000000044,0.3,0.3337552575822708,False
pubmedqa_26134053,pubmedqa_claim,UNCERTAIN,UNCERTAIN,1.0,KG_NO_GROUNDING,NO_KG_GROUNDING,0.0,0.3,0.33264730302014633,False
pubmedqa_26163474,pubmedqa_claim,SUPPORT,SUPPORT,0.95,KG_TWO_HOP_CONTEXT,TWO_HOP_CONTEXT,0.050000000000000044,0.85,0.44240139242235665,False
pubmedqa_26200172,pubmedqa_claim,UNCERTAIN,SUPPORT,0.95,KG_NO_GROUNDING,NO_KG_GROUNDING,0.050000000000000044,0.3,0.3337552575822708,False
pubmedqa_26209118,pubmedqa_claim,REFUTE,REFUTE,0.95,KG_SINGLE_ENTITY_CONTEXT,SINGLE_ENTITY_CONTEXT,0.050000000000000044,0.65,0.6057551945959558,False
pubmedqa_26237424,pubmedqa_claim,REFUTE,REFUTE,0.95,KG_SINGLE_ENTITY_CONTEXT,SINGLE_ENTITY_CONTEXT,0.050000000000000044,0.65,0.49054459363742076,False
pubmedqa_26363639,pubmedqa_claim,SUPPORT,SUPPORT,0.95,KG_SINGLE_ENTITY_CONTEXT,SINGLE_ENTITY_CONTEXT,0.050000000000000044,0.65,0.5970828477181975,False
pubmedqa_26370095,pubmedqa_claim,SUPPORT,SUPPORT,0.8,KG_SINGLE_ENTITY_CONTEXT,SINGLE_ENTITY_CONTEXT,0.19999999999999996,0.65,0.4979920854745448,False
pubmedqa_26383908,pubmedqa_claim,SUPPORT,SUPPORT,0.9,KG_SINGLE_ENTITY_CONTEXT,SINGLE_ENTITY_CONTEXT,0.09999999999999998,0.65,0.5982819606272058,False
pubmedqa_26418441,pubmedqa_claim,SUPPORT,SUPPORT,0.95,KG_NO_GROUNDING,NO_KG_GROUNDING,0.050000000000000044,0.3,0.3337552575822708,False
pubmedqa_26418796,pubmedqa_claim,SUPPORT,SUPPORT,0.9,KG_SINGLE_ENTITY_CONTEXT,SINGLE_ENTITY_CONTEXT,0.09999999999999998,0.65,0.708633460082484,False
pubmedqa_26505821,pubmedqa_claim,SUPPORT,UNCERTAIN,0.85,KG_NO_GROUNDING,NO_KG_GROUNDING,0.15000000000000002,0.3,0.2947906191201294,False
pubmedqa_26516021,pubmedqa_claim,SUPPORT,SUPPORT,0.95,KG_NO_GROUNDING,NO_KG_GROUNDING,0.050000000000000044,0.3,0.29272147364857865,False
pubmedqa_26606599,pubmedqa_claim,SUPPORT,UNCERTAIN,0.9,KG_TWO_HOP_CONTEXT,TWO_HOP_CONTEXT,0.09999999999999998,0.85,0.4630661657984233,False
pubmedqa_26686513,pubmedqa_claim,REFUTE,UNCERTAIN,1.0,KG_NO_GROUNDING,NO_KG_GROUNDING,0.0,0.3,0.29169009933857426,False
pubmedqa_26708803,pubmedqa_claim,SUPPORT,UNCERTAIN,0.9,KG_SINGLE_ENTITY_CONTEXT,SINGLE_ENTITY_CONTEXT,0.09999999999999998,0.65,0.5982819606272058,False
pubmedqa_26778755,pubmedqa_claim,UNCERTAIN,UNCERTAIN,0.7,KG_TWO_HOP_CONTEXT,TWO_HOP_CONTEXT,0.30000000000000004,0.85,0.42130635721030524,False
pubmedqa_26864326,pubmedqa_claim,REFUTE,SUPPORT,0.95,KG_NO_GROUNDING,NO_KG_GROUNDING,0.050000000000000044,0.3,0.2600682911519299,False
pubmedqa_26999038,pubmedqa_claim,SUPPORT,SUPPORT,0.95,KG_PARTIAL_DIRECT,DIRECT_RELATION_UNRESOLVED,0.050000000000000044,0.5,0.6203569484714453,False
pubmedqa_27044366,pubmedqa_claim,REFUTE,UNCERTAIN,0.95,KG_NO_GROUNDING,NO_KG_GROUNDING,0.050000000000000044,0.3,0.3337552575822708,False
pubmedqa_27050489,pubmedqa_claim,UNCERTAIN,SUPPORT,0.9,KG_PARTIAL_DIRECT,DIRECT_PREDICATE_OR_DIRECTION_MISMATCH,0.09999999999999998,0.5,0.5794706282592914,False
pubmedqa_27078715,pubmedqa_claim,SUPPORT,SUPPORT,0.95,KG_TWO_HOP_CONTEXT,TWO_HOP_CONTEXT,0.050000000000000044,0.85,0.5018903568521029,False
pubmedqa_27146470,pubmedqa_claim,REFUTE,UNCERTAIN,0.9,KG_TWO_HOP_CONTEXT,TWO_HOP_CONTEXT,0.09999999999999998,0.85,0.36992991899537037,False
pubmedqa_27184293,pubmedqa_claim,UNCERTAIN,UNCERTAIN,0.9,KG_NO_GROUNDING,NO_KG_GROUNDING,0.09999999999999998,0.3,0.3348650507136232,False
pubmedqa_27216167,pubmedqa_claim,UNCERTAIN,SUPPORT,0.9,KG_SINGLE_ENTITY_CONTEXT,SINGLE_ENTITY_CONTEXT,0.09999999999999998,0.65,0.5982819606272058,False
pubmedqa_27287237,pubmedqa_claim,REFUTE,SUPPORT,0.9,KG_NO_GROUNDING,NO_KG_GROUNDING,0.09999999999999998,0.3,0.3348650507136232,False
pubmedqa_27554179,pubmedqa_claim,REFUTE,REFUTE,0.95,KG_PARTIAL_DIRECT,DIRECT_RELATION_UNRESOLVED,0.050000000000000044,0.5,0.5646510599120778,False
pubmedqa_27832831,pubmedqa_claim,REFUTE,REFUTE,0.95,KG_SINGLE_ENTITY_CONTEXT,SINGLE_ENTITY_CONTEXT,0.050000000000000044,0.65,0.5970828477181975,False
pubmedqa_27858166,pubmedqa_claim,SUPPORT,SUPPORT,0.95,KG_TWO_HOP_CONTEXT,TWO_HOP_CONTEXT,0.050000000000000044,0.85,0.43180604049271754,False
pubmedqa_27908583,pubmedqa_claim,REFUTE,SUPPORT,0.7,KG_NO_GROUNDING,NO_KG_GROUNDING,0.30000000000000004,0.3,0.2620165404929287,False
pubmedqa_27909738,pubmedqa_claim,REFUTE,REFUTE,0.95,KG_NO_GROUNDING,NO_KG_GROUNDING,0.050000000000000044,0.3,0.3083693315538117,False
pubmedqa_27928673,pubmedqa_claim,SUPPORT,SUPPORT,0.9,KG_SINGLE_ENTITY_CONTEXT,SINGLE_ENTITY_CONTEXT,0.09999999999999998,0.65,0.44742405345525116,False
pubmedqa_28006766,pubmedqa_claim,SUPPORT,SUPPORT,1.0,KG_SINGLE_ENTITY_CONTEXT,SINGLE_ENTITY_CONTEXT,0.0,0.65,0.6990133235929512,False
pubmedqa_28011794,pubmedqa_claim,REFUTE,UNCERTAIN,0.95,KG_NO_GROUNDING,NO_KG_GROUNDING,0.050000000000000044,0.3,0.29272147364857865,False
pubmedqa_28143468,pubmedqa_claim,SUPPORT,SUPPORT,0.95,KG_NO_GROUNDING,NO_KG_GROUNDING,0.050000000000000044,0.3,0.3337552575822708,False
pubmedqa_8017535,pubmedqa_claim,SUPPORT,SUPPORT,0.95,KG_NO_GROUNDING,NO_KG_GROUNDING,0.050000000000000044,0.3,0.3337552575822708,False
pubmedqa_8200238,pubmedqa_claim,UNCERTAIN,REFUTE,0.95,KG_NO_GROUNDING,NO_KG_GROUNDING,0.050000000000000044,0.3,0.24832492151914792,False
pubmedqa_8375607,pubmedqa_claim,SUPPORT,SUPPORT,0.9,KG_NO_GROUNDING,NO_KG_GROUNDING,0.09999999999999998,0.3,0.29375498232849706,False
pubmedqa_8422202,pubmedqa_claim,REFUTE,REFUTE,0.9,KG_NO_GROUNDING,NO_KG_GROUNDING,0.09999999999999998,0.3,0.30943391711613094,False
pubmedqa_8566975,pubmedqa_claim,REFUTE,REFUTE,0.95,KG_NO_GROUNDING,NO_KG_GROUNDING,0.050000000000000044,0.3,0.3337552575822708,False
pubmedqa_8738894,pubmedqa_claim,UNCERTAIN,REFUTE,0.9,KG_SINGLE_ENTITY_CONTEXT,SINGLE_ENTITY_CONTEXT,0.09999999999999998,0.65,0.5982819606272058,False
pubmedqa_8847047,pubmedqa_claim,REFUTE,REFUTE,0.8,KG_TWO_HOP_CONTEXT,TWO_HOP_CONTEXT,0.19999999999999996,0.85,0.4507777452447782,False
pubmedqa_8910148,pubmedqa_claim,SUPPORT,SUPPORT,0.8,KG_SINGLE_ENTITY_CONTEXT,SINGLE_ENTITY_CONTEXT,0.19999999999999996,0.65,0.5541199990013596,False
pubmedqa_8916748,pubmedqa_claim,SUPPORT,SUPPORT,0.95,KG_NO_GROUNDING,NO_KG_GROUNDING,0.050000000000000044,0.3,0.22070124255511844,False
pubmedqa_8921484,pubmedqa_claim,REFUTE,REFUTE,0.9,KG_NO_GROUNDING,NO_KG_GROUNDING,0.09999999999999998,0.3,0.29375498232849706,False
pubmedqa_9044116,pubmedqa_claim,REFUTE,REFUTE,0.9,KG_SINGLE_ENTITY_CONTEXT,SINGLE_ENTITY_CONTEXT,0.09999999999999998,0.65,0.5516545074099348,False
pubmedqa_9140335,pubmedqa_claim,UNCERTAIN,UNCERTAIN,0.6,KG_NO_GROUNDING,NO_KG_GROUNDING,0.4,0.3,0.2639496417260539,False
pubmedqa_9347843,pubmedqa_claim,REFUTE,REFUTE,0.95,KG_SINGLE_ENTITY_CONTEXT,SINGLE_ENTITY_CONTEXT,0.050000000000000044,0.65,0.6057551945959558,False
pubmedqa_9603166,pubmedqa_claim,UNCERTAIN,REFUTE,0.9,KG_PARTIAL_DIRECT,DIRECT_RELATION_UNRESOLVED,0.09999999999999998,0.5,0.6415864989718217,False
pubmedqa_9767546,pubmedqa_claim,SUPPORT,SUPPORT,0.95,KG_TWO_HOP_CONTEXT,TWO_HOP_CONTEXT,0.050000000000000044,0.85,0.4578666482904405,False
