annotation_id,claim_id,dataset,annotator_a_path_relevance,annotator_a_evidence_role,annotator_a_error_type,annotator_b_path_relevance,annotator_b_evidence_role,annotator_b_error_type,final_path_relevance,final_evidence_role,final_error_type
eswa_bclean_0001,medfact_bench_1196,healthver,PARTIAL,CONTEXT_ONLY,INSUFFICIENT_SPECIFICITY,PARTIAL,CONTEXT_ONLY,INSUFFICIENT_SPECIFICITY,PARTIAL,CONTEXT_ONLY,INSUFFICIENT_SPECIFICITY
eswa_bclean_0002,medfact_bench_1075,healthver,PARTIAL,CONTEXT_ONLY,POLARITY,PARTIAL,CONTEXT_ONLY,INSUFFICIENT_SPECIFICITY,PARTIAL,CONTEXT_ONLY,POLARITY
eswa_bclean_0003,medfact_bench_1194,healthver,PARTIAL,CONTEXT_ONLY,INSUFFICIENT_SPECIFICITY,PARTIAL,CONTEXT_ONLY,INSUFFICIENT_SPECIFICITY,PARTIAL,CONTEXT_ONLY,INSUFFICIENT_SPECIFICITY
eswa_bclean_0004,medfact_bench_882,healthver,IRRELEVANT,CONTEXT_ONLY,ENTITY_LINKING,IRRELEVANT,UNKNOWN,ENTITY_LINKING,IRRELEVANT,UNKNOWN,ENTITY_LINKING
eswa_bclean_0005,medfact_bench_355,healthver,IRRELEVANT,REFUTE,POLARITY,PARTIAL,CONTEXT_ONLY,RELATION_MISMATCH,PARTIAL,CONTEXT_ONLY,RELATION_MISMATCH
eswa_bclean_0006,medfact_bench_1704,medaesqa,RELEVANT,SUPPORT,NONE,RELEVANT,SUPPORT,NONE,RELEVANT,SUPPORT,NONE
eswa_bclean_0007,pubhealth_test_1124,pubhealth,IRRELEVANT,UNKNOWN,ENTITY_LINKING,IRRELEVANT,UNKNOWN,ENTITY_LINKING,IRRELEVANT,UNKNOWN,ENTITY_LINKING
eswa_bclean_0008,medfact_bench_257,scifact,PARTIAL,CONTEXT_ONLY,POLARITY,PARTIAL,REFUTE,POLARITY,PARTIAL,REFUTE,POLARITY
eswa_bclean_0009,medfact_bench_160,scifact,PARTIAL,CONTEXT_ONLY,RELATION_MISMATCH,PARTIAL,CONTEXT_ONLY,INDIRECT_BRIDGE,PARTIAL,CONTEXT_ONLY,RELATION_MISMATCH
eswa_bclean_0010,medfact_bench_1072,healthver,PARTIAL,CONTEXT_ONLY,POLARITY,PARTIAL,CONTEXT_ONLY,INSUFFICIENT_SPECIFICITY,PARTIAL,CONTEXT_ONLY,POLARITY
eswa_bclean_0011,medfact_bench_1153,healthver,IRRELEVANT,CONTEXT_ONLY,RELATION_MISMATCH,PARTIAL,CONTEXT_ONLY,INSUFFICIENT_SPECIFICITY,IRRELEVANT,CONTEXT_ONLY,RELATION_MISMATCH
eswa_bclean_0012,medfact_bench_1607,medaesqa,RELEVANT,SUPPORT,NONE,PARTIAL,SUPPORT,INSUFFICIENT_SPECIFICITY,PARTIAL,SUPPORT,INSUFFICIENT_SPECIFICITY
eswa_bclean_0013,medfact_bench_1725,medaesqa,PARTIAL,CONTEXT_ONLY,INDIRECT_BRIDGE,PARTIAL,CONTEXT_ONLY,INSUFFICIENT_SPECIFICITY,PARTIAL,CONTEXT_ONLY,INSUFFICIENT_SPECIFICITY
eswa_bclean_0014,medfact_bench_1988,medaesqa,RELEVANT,SUPPORT,NONE,RELEVANT,SUPPORT,NONE,RELEVANT,SUPPORT,NONE
eswa_bclean_0015,pubhealth_train_446,pubhealth,PARTIAL,CONTEXT_ONLY,RELATION_MISMATCH,RELEVANT,SUPPORT,NONE,PARTIAL,CONTEXT_ONLY,RELATION_MISMATCH
eswa_bclean_0016,pubhealth_train_1829,pubhealth,PARTIAL,CONTEXT_ONLY,INSUFFICIENT_SPECIFICITY,PARTIAL,CONTEXT_ONLY,INSUFFICIENT_SPECIFICITY,PARTIAL,CONTEXT_ONLY,INSUFFICIENT_SPECIFICITY
eswa_bclean_0017,medfact_bench_185,scifact,PARTIAL,SUPPORT,INSUFFICIENT_SPECIFICITY,PARTIAL,CONTEXT_ONLY,INSUFFICIENT_SPECIFICITY,PARTIAL,CONTEXT_ONLY,INSUFFICIENT_SPECIFICITY
eswa_bclean_0018,medfact_bench_1143,healthver,PARTIAL,CONTEXT_ONLY,RELATION_MISMATCH,PARTIAL,CONTEXT_ONLY,POLARITY,PARTIAL,CONTEXT_ONLY,POLARITY
eswa_bclean_0019,medfact_bench_810,healthver,IRRELEVANT,CONTEXT_ONLY,RELATION_MISMATCH,IRRELEVANT,CONTEXT_ONLY,INSUFFICIENT_SPECIFICITY,IRRELEVANT,CONTEXT_ONLY,INSUFFICIENT_SPECIFICITY
eswa_bclean_0020,medfact_bench_1151,healthver,IRRELEVANT,CONTEXT_ONLY,RELATION_MISMATCH,PARTIAL,CONTEXT_ONLY,INSUFFICIENT_SPECIFICITY,PARTIAL,CONTEXT_ONLY,INSUFFICIENT_SPECIFICITY
eswa_bclean_0021,medfact_bench_727,healthver,IRRELEVANT,CONTEXT_ONLY,RELATION_MISMATCH,IRRELEVANT,CONTEXT_ONLY,INSUFFICIENT_SPECIFICITY,IRRELEVANT,CONTEXT_ONLY,INSUFFICIENT_SPECIFICITY
eswa_bclean_0022,medfact_bench_1761,medaesqa,PARTIAL,CONTEXT_ONLY,INDIRECT_BRIDGE,PARTIAL,CONTEXT_ONLY,INSUFFICIENT_SPECIFICITY,PARTIAL,CONTEXT_ONLY,INSUFFICIENT_SPECIFICITY
eswa_bclean_0023,medfact_bench_1686,medaesqa,PARTIAL,SUPPORT,INSUFFICIENT_SPECIFICITY,PARTIAL,SUPPORT,INSUFFICIENT_SPECIFICITY,PARTIAL,SUPPORT,INSUFFICIENT_SPECIFICITY
eswa_bclean_0024,medfact_bench_1595,medaesqa,PARTIAL,SUPPORT,INSUFFICIENT_SPECIFICITY,PARTIAL,SUPPORT,INSUFFICIENT_SPECIFICITY,PARTIAL,SUPPORT,INSUFFICIENT_SPECIFICITY
eswa_bclean_0025,pubhealth_test_793,pubhealth,IRRELEVANT,CONTEXT_ONLY,INSUFFICIENT_SPECIFICITY,IRRELEVANT,UNKNOWN,ENTITY_LINKING,IRRELEVANT,UNKNOWN,ENTITY_LINKING
eswa_bclean_0026,medfact_bench_213,scifact,IRRELEVANT,CONTEXT_ONLY,RELATION_MISMATCH,IRRELEVANT,CONTEXT_ONLY,INSUFFICIENT_SPECIFICITY,IRRELEVANT,CONTEXT_ONLY,INSUFFICIENT_SPECIFICITY
eswa_bclean_0027,medfact_bench_55,scifact,PARTIAL,CONTEXT_ONLY,INSUFFICIENT_SPECIFICITY,PARTIAL,CONTEXT_ONLY,INSUFFICIENT_SPECIFICITY,PARTIAL,CONTEXT_ONLY,INSUFFICIENT_SPECIFICITY
eswa_bclean_0028,medfact_bench_1232,healthver,PARTIAL,CONTEXT_ONLY,INSUFFICIENT_SPECIFICITY,PARTIAL,CONTEXT_ONLY,INSUFFICIENT_SPECIFICITY,PARTIAL,CONTEXT_ONLY,INSUFFICIENT_SPECIFICITY
eswa_bclean_0029,medfact_bench_1608,medaesqa,RELEVANT,SUPPORT,NONE,PARTIAL,SUPPORT,INSUFFICIENT_SPECIFICITY,PARTIAL,SUPPORT,INSUFFICIENT_SPECIFICITY
eswa_bclean_0030,pubhealth_train_1707,pubhealth,PARTIAL,CONTEXT_ONLY,INSUFFICIENT_SPECIFICITY,PARTIAL,CONTEXT_ONLY,INSUFFICIENT_SPECIFICITY,PARTIAL,CONTEXT_ONLY,INSUFFICIENT_SPECIFICITY
eswa_bclean_0031,pubhealth_train_1327,pubhealth,IRRELEVANT,CONTEXT_ONLY,ENTITY_LINKING,IRRELEVANT,CONTEXT_ONLY,INSUFFICIENT_SPECIFICITY,IRRELEVANT,CONTEXT_ONLY,ENTITY_LINKING
eswa_bclean_0032,medfact_bench_100,scifact,PARTIAL,CONTEXT_ONLY,RELATION_MISMATCH,PARTIAL,CONTEXT_ONLY,INSUFFICIENT_SPECIFICITY,PARTIAL,CONTEXT_ONLY,INSUFFICIENT_SPECIFICITY
eswa_bclean_0033,medfact_bench_1233,healthver,PARTIAL,CONTEXT_ONLY,INSUFFICIENT_SPECIFICITY,PARTIAL,CONTEXT_ONLY,INSUFFICIENT_SPECIFICITY,PARTIAL,CONTEXT_ONLY,INSUFFICIENT_SPECIFICITY
eswa_bclean_0034,medfact_bench_1306,medaesqa,PARTIAL,CONTEXT_ONLY,INSUFFICIENT_SPECIFICITY,PARTIAL,SUPPORT,INDIRECT_BRIDGE,PARTIAL,CONTEXT_ONLY,INSUFFICIENT_SPECIFICITY
eswa_bclean_0035,medfact_bench_1672,medaesqa,PARTIAL,CONTEXT_ONLY,INDIRECT_BRIDGE,PARTIAL,CONTEXT_ONLY,INSUFFICIENT_SPECIFICITY,PARTIAL,CONTEXT_ONLY,INSUFFICIENT_SPECIFICITY
eswa_bclean_0036,medfact_bench_1833,medaesqa,PARTIAL,SUPPORT,INSUFFICIENT_SPECIFICITY,PARTIAL,SUPPORT,INDIRECT_BRIDGE,PARTIAL,SUPPORT,INSUFFICIENT_SPECIFICITY
eswa_bclean_0037,medfact_bench_1726,medaesqa,PARTIAL,CONTEXT_ONLY,INDIRECT_BRIDGE,PARTIAL,CONTEXT_ONLY,INSUFFICIENT_SPECIFICITY,PARTIAL,CONTEXT_ONLY,INSUFFICIENT_SPECIFICITY
eswa_bclean_0038,pubhealth_test_491,pubhealth,IRRELEVANT,UNKNOWN,ENTITY_LINKING,IRRELEVANT,UNKNOWN,ENTITY_LINKING,IRRELEVANT,UNKNOWN,ENTITY_LINKING
eswa_bclean_0039,medfact_bench_61,scifact,PARTIAL,CONTEXT_ONLY,POLARITY,PARTIAL,CONTEXT_ONLY,INSUFFICIENT_SPECIFICITY,PARTIAL,CONTEXT_ONLY,POLARITY
eswa_bclean_0040,medfact_bench_170,scifact,PARTIAL,CONTEXT_ONLY,INSUFFICIENT_SPECIFICITY,PARTIAL,CONTEXT_ONLY,INSUFFICIENT_SPECIFICITY,PARTIAL,CONTEXT_ONLY,INSUFFICIENT_SPECIFICITY
eswa_bclean_0041,medfact_bench_325,scifact,PARTIAL,SUPPORT,INSUFFICIENT_SPECIFICITY,PARTIAL,CONTEXT_ONLY,INSUFFICIENT_SPECIFICITY,PARTIAL,CONTEXT_ONLY,INSUFFICIENT_SPECIFICITY
eswa_bclean_0042,pubhealth_train_1927,pubhealth,PARTIAL,CONTEXT_ONLY,INSUFFICIENT_SPECIFICITY,IRRELEVANT,CONTEXT_ONLY,INSUFFICIENT_SPECIFICITY,IRRELEVANT,CONTEXT_ONLY,INSUFFICIENT_SPECIFICITY
eswa_bclean_0043,pubhealth_train_766,pubhealth,IRRELEVANT,CONTEXT_ONLY,RELATION_MISMATCH,IRRELEVANT,CONTEXT_ONLY,INSUFFICIENT_SPECIFICITY,IRRELEVANT,CONTEXT_ONLY,RELATION_MISMATCH
eswa_bclean_0044,pubhealth_validation_486,pubhealth,IRRELEVANT,REFUTE,POLARITY,PARTIAL,CONTEXT_ONLY,RELATION_MISMATCH,PARTIAL,REFUTE,POLARITY
eswa_bclean_0045,medfact_bench_1976,medaesqa,PARTIAL,CONTEXT_ONLY,INSUFFICIENT_SPECIFICITY,PARTIAL,CONTEXT_ONLY,INSUFFICIENT_SPECIFICITY,PARTIAL,CONTEXT_ONLY,INSUFFICIENT_SPECIFICITY
eswa_bclean_0046,pubhealth_train_1975,pubhealth,IRRELEVANT,REFUTE,POLARITY,PARTIAL,REFUTE,POLARITY,PARTIAL,REFUTE,POLARITY
eswa_bclean_0047,medfact_bench_1633,medaesqa,PARTIAL,SUPPORT,INSUFFICIENT_SPECIFICITY,PARTIAL,SUPPORT,INSUFFICIENT_SPECIFICITY,PARTIAL,SUPPORT,INSUFFICIENT_SPECIFICITY
eswa_bclean_0048,pubhealth_validation_101,pubhealth,PARTIAL,SUPPORT,INSUFFICIENT_SPECIFICITY,IRRELEVANT,CONTEXT_ONLY,INSUFFICIENT_SPECIFICITY,PARTIAL,SUPPORT,INSUFFICIENT_SPECIFICITY
eswa_bclean_0049,pubhealth_test_463,pubhealth,PARTIAL,SUPPORT,INSUFFICIENT_SPECIFICITY,PARTIAL,SUPPORT,INDIRECT_BRIDGE,PARTIAL,SUPPORT,INSUFFICIENT_SPECIFICITY
eswa_bclean_0050,medfact_bench_384,healthver,PARTIAL,CONTEXT_ONLY,INDIRECT_BRIDGE,IRRELEVANT,UNKNOWN,INSUFFICIENT_SPECIFICITY,IRRELEVANT,UNKNOWN,INSUFFICIENT_SPECIFICITY
eswa_bclean_0051,pubhealth_validation_174,pubhealth,IRRELEVANT,UNKNOWN,ENTITY_LINKING,IRRELEVANT,UNKNOWN,ENTITY_LINKING,IRRELEVANT,UNKNOWN,ENTITY_LINKING
eswa_bclean_0052,medfact_bench_783,healthver,IRRELEVANT,UNKNOWN,ENTITY_LINKING,IRRELEVANT,UNKNOWN,ENTITY_LINKING,IRRELEVANT,UNKNOWN,ENTITY_LINKING
eswa_bclean_0053,medfact_bench_1624,medaesqa,PARTIAL,SUPPORT,INSUFFICIENT_SPECIFICITY,PARTIAL,SUPPORT,INSUFFICIENT_SPECIFICITY,PARTIAL,SUPPORT,INSUFFICIENT_SPECIFICITY
eswa_bclean_0054,medfact_bench_160,scifact,PARTIAL,CONTEXT_ONLY,RELATION_MISMATCH,PARTIAL,CONTEXT_ONLY,RELATION_MISMATCH,PARTIAL,CONTEXT_ONLY,RELATION_MISMATCH
eswa_bclean_0055,medfact_bench_987,healthver,IRRELEVANT,CONTEXT_ONLY,INDIRECT_BRIDGE,IRRELEVANT,CONTEXT_ONLY,INDIRECT_BRIDGE,IRRELEVANT,CONTEXT_ONLY,INDIRECT_BRIDGE
eswa_bclean_0056,pubhealth_validation_723,pubhealth,IRRELEVANT,CONTEXT_ONLY,INSUFFICIENT_SPECIFICITY,IRRELEVANT,CONTEXT_ONLY,INSUFFICIENT_SPECIFICITY,IRRELEVANT,CONTEXT_ONLY,INSUFFICIENT_SPECIFICITY
eswa_bclean_0057,medfact_bench_49,scifact,PARTIAL,CONTEXT_ONLY,INDIRECT_BRIDGE,PARTIAL,CONTEXT_ONLY,INDIRECT_BRIDGE,PARTIAL,CONTEXT_ONLY,INDIRECT_BRIDGE
eswa_bclean_0058,medfact_bench_212,scifact,IRRELEVANT,CONTEXT_ONLY,INSUFFICIENT_SPECIFICITY,IRRELEVANT,CONTEXT_ONLY,INSUFFICIENT_SPECIFICITY,IRRELEVANT,CONTEXT_ONLY,INSUFFICIENT_SPECIFICITY
eswa_bclean_0059,medfact_bench_108,scifact,IRRELEVANT,UNKNOWN,ENTITY_LINKING,IRRELEVANT,UNKNOWN,ENTITY_LINKING,IRRELEVANT,UNKNOWN,ENTITY_LINKING
eswa_bclean_0060,medfact_bench_870,healthver,PARTIAL,CONTEXT_ONLY,INSUFFICIENT_SPECIFICITY,IRRELEVANT,CONTEXT_ONLY,INSUFFICIENT_SPECIFICITY,IRRELEVANT,CONTEXT_ONLY,INSUFFICIENT_SPECIFICITY
eswa_bclean_0061,pubhealth_train_696,pubhealth,PARTIAL,CONTEXT_ONLY,INSUFFICIENT_SPECIFICITY,PARTIAL,CONTEXT_ONLY,INSUFFICIENT_SPECIFICITY,PARTIAL,CONTEXT_ONLY,INSUFFICIENT_SPECIFICITY
eswa_bclean_0062,pubhealth_train_38,pubhealth,PARTIAL,CONTEXT_ONLY,INSUFFICIENT_SPECIFICITY,PARTIAL,CONTEXT_ONLY,INSUFFICIENT_SPECIFICITY,PARTIAL,CONTEXT_ONLY,INSUFFICIENT_SPECIFICITY
eswa_bclean_0063,medfact_bench_186,scifact,PARTIAL,CONTEXT_ONLY,RELATION_MISMATCH,PARTIAL,CONTEXT_ONLY,RELATION_MISMATCH,PARTIAL,CONTEXT_ONLY,RELATION_MISMATCH
eswa_bclean_0064,pubhealth_validation_973,pubhealth,IRRELEVANT,CONTEXT_ONLY,INSUFFICIENT_SPECIFICITY,IRRELEVANT,CONTEXT_ONLY,INSUFFICIENT_SPECIFICITY,IRRELEVANT,CONTEXT_ONLY,INSUFFICIENT_SPECIFICITY
eswa_bclean_0065,pubhealth_train_1707,pubhealth,PARTIAL,CONTEXT_ONLY,RELATION_MISMATCH,PARTIAL,CONTEXT_ONLY,RELATION_MISMATCH,PARTIAL,CONTEXT_ONLY,RELATION_MISMATCH
eswa_bclean_0066,medfact_bench_1960,medaesqa,IRRELEVANT,UNKNOWN,ENTITY_LINKING,IRRELEVANT,UNKNOWN,ENTITY_LINKING,IRRELEVANT,UNKNOWN,ENTITY_LINKING
eswa_bclean_0067,pubhealth_train_965,pubhealth,PARTIAL,CONTEXT_ONLY,INDIRECT_BRIDGE,IRRELEVANT,CONTEXT_ONLY,INDIRECT_BRIDGE,IRRELEVANT,CONTEXT_ONLY,INDIRECT_BRIDGE
eswa_bclean_0068,medfact_bench_382,healthver,PARTIAL,CONTEXT_ONLY,INDIRECT_BRIDGE,PARTIAL,CONTEXT_ONLY,INSUFFICIENT_SPECIFICITY,PARTIAL,CONTEXT_ONLY,INDIRECT_BRIDGE
eswa_bclean_0069,medfact_bench_1752,medaesqa,PARTIAL,SUPPORT,INSUFFICIENT_SPECIFICITY,PARTIAL,SUPPORT,INSUFFICIENT_SPECIFICITY,PARTIAL,SUPPORT,INSUFFICIENT_SPECIFICITY
eswa_bclean_0070,medfact_bench_187,scifact,PARTIAL,CONTEXT_ONLY,INSUFFICIENT_SPECIFICITY,PARTIAL,CONTEXT_ONLY,INSUFFICIENT_SPECIFICITY,PARTIAL,CONTEXT_ONLY,INSUFFICIENT_SPECIFICITY
eswa_bclean_0071,medfact_bench_1622,medaesqa,RELEVANT,SUPPORT,NONE,PARTIAL,SUPPORT,INSUFFICIENT_SPECIFICITY,PARTIAL,SUPPORT,INSUFFICIENT_SPECIFICITY
eswa_bclean_0072,pubhealth_validation_176,pubhealth,IRRELEVANT,UNKNOWN,INSUFFICIENT_SPECIFICITY,IRRELEVANT,CONTEXT_ONLY,INSUFFICIENT_SPECIFICITY,IRRELEVANT,CONTEXT_ONLY,INSUFFICIENT_SPECIFICITY
eswa_bclean_0073,medfact_bench_151,scifact,IRRELEVANT,CONTEXT_ONLY,INSUFFICIENT_SPECIFICITY,IRRELEVANT,CONTEXT_ONLY,RELATION_MISMATCH,IRRELEVANT,CONTEXT_ONLY,RELATION_MISMATCH
eswa_bclean_0074,pubhealth_validation_1171,pubhealth,IRRELEVANT,CONTEXT_ONLY,INSUFFICIENT_SPECIFICITY,IRRELEVANT,CONTEXT_ONLY,INSUFFICIENT_SPECIFICITY,IRRELEVANT,CONTEXT_ONLY,INSUFFICIENT_SPECIFICITY
eswa_bclean_0075,pubhealth_test_1114,pubhealth,PARTIAL,CONTEXT_ONLY,INSUFFICIENT_SPECIFICITY,PARTIAL,CONTEXT_ONLY,INSUFFICIENT_SPECIFICITY,PARTIAL,CONTEXT_ONLY,INSUFFICIENT_SPECIFICITY
eswa_bclean_0076,medfact_bench_49,scifact,PARTIAL,CONTEXT_ONLY,INDIRECT_BRIDGE,IRRELEVANT,CONTEXT_ONLY,INDIRECT_BRIDGE,PARTIAL,CONTEXT_ONLY,INDIRECT_BRIDGE
eswa_bclean_0077,pubhealth_validation_545,pubhealth,PARTIAL,CONTEXT_ONLY,INSUFFICIENT_SPECIFICITY,IRRELEVANT,CONTEXT_ONLY,INSUFFICIENT_SPECIFICITY,PARTIAL,CONTEXT_ONLY,INSUFFICIENT_SPECIFICITY
eswa_bclean_0078,pubhealth_train_1539,pubhealth,PARTIAL,CONTEXT_ONLY,INSUFFICIENT_SPECIFICITY,IRRELEVANT,CONTEXT_ONLY,INDIRECT_BRIDGE,IRRELEVANT,CONTEXT_ONLY,INDIRECT_BRIDGE
eswa_bclean_0079,medfact_bench_1563,medaesqa,PARTIAL,SUPPORT,INSUFFICIENT_SPECIFICITY,PARTIAL,SUPPORT,INSUFFICIENT_SPECIFICITY,PARTIAL,SUPPORT,INSUFFICIENT_SPECIFICITY
eswa_bclean_0080,pubhealth_test_481,pubhealth,PARTIAL,CONTEXT_ONLY,INSUFFICIENT_SPECIFICITY,IRRELEVANT,CONTEXT_ONLY,INSUFFICIENT_SPECIFICITY,PARTIAL,CONTEXT_ONLY,INSUFFICIENT_SPECIFICITY
eswa_bclean_0081,pubhealth_train_1938,pubhealth,IRRELEVANT,UNKNOWN,INDIRECT_BRIDGE,IRRELEVANT,CONTEXT_ONLY,RELATION_MISMATCH,IRRELEVANT,CONTEXT_ONLY,RELATION_MISMATCH
eswa_bclean_0082,medfact_bench_11,scifact,RELEVANT,SUPPORT,NONE,RELEVANT,SUPPORT,NONE,RELEVANT,SUPPORT,NONE
eswa_bclean_0083,pubhealth_train_1208,pubhealth,PARTIAL,CONTEXT_ONLY,INSUFFICIENT_SPECIFICITY,PARTIAL,CONTEXT_ONLY,INSUFFICIENT_SPECIFICITY,PARTIAL,CONTEXT_ONLY,INSUFFICIENT_SPECIFICITY
eswa_bclean_0084,medfact_bench_163,scifact,RELEVANT,SUPPORT,NONE,RELEVANT,SUPPORT,NONE,RELEVANT,SUPPORT,NONE
eswa_bclean_0085,medfact_bench_164,scifact,PARTIAL,CONTEXT_ONLY,RELATION_MISMATCH,IRRELEVANT,CONTEXT_ONLY,INSUFFICIENT_SPECIFICITY,IRRELEVANT,CONTEXT_ONLY,INSUFFICIENT_SPECIFICITY
eswa_bclean_0086,medfact_bench_300,scifact,PARTIAL,CONTEXT_ONLY,INSUFFICIENT_SPECIFICITY,IRRELEVANT,CONTEXT_ONLY,INSUFFICIENT_SPECIFICITY,IRRELEVANT,CONTEXT_ONLY,INSUFFICIENT_SPECIFICITY
eswa_bclean_0087,medfact_bench_986,healthver,PARTIAL,CONTEXT_ONLY,INDIRECT_BRIDGE,IRRELEVANT,CONTEXT_ONLY,INSUFFICIENT_SPECIFICITY,IRRELEVANT,CONTEXT_ONLY,INSUFFICIENT_SPECIFICITY
eswa_bclean_0088,medfact_bench_44,scifact,PARTIAL,CONTEXT_ONLY,RELATION_MISMATCH,PARTIAL,CONTEXT_ONLY,RELATION_MISMATCH,PARTIAL,CONTEXT_ONLY,RELATION_MISMATCH
eswa_bclean_0089,pubhealth_train_1115,pubhealth,PARTIAL,CONTEXT_ONLY,INSUFFICIENT_SPECIFICITY,IRRELEVANT,UNKNOWN,ENTITY_LINKING,IRRELEVANT,UNKNOWN,ENTITY_LINKING
eswa_bclean_0090,medfact_bench_1967,medaesqa,IRRELEVANT,UNKNOWN,ENTITY_LINKING,IRRELEVANT,UNKNOWN,ENTITY_LINKING,IRRELEVANT,UNKNOWN,ENTITY_LINKING
eswa_bclean_0091,medfact_bench_53,scifact,RELEVANT,REFUTE,POLARITY,RELEVANT,REFUTE,POLARITY,RELEVANT,REFUTE,POLARITY
eswa_bclean_0092,pubhealth_train_850,pubhealth,IRRELEVANT,UNKNOWN,ENTITY_LINKING,IRRELEVANT,CONTEXT_ONLY,INSUFFICIENT_SPECIFICITY,UNKNOWN,ENTITY_LINKING,IRRELEVANT
eswa_bclean_0093,medfact_bench_1801,medaesqa,IRRELEVANT,UNKNOWN,ENTITY_LINKING,IRRELEVANT,UNKNOWN,ENTITY_LINKING,IRRELEVANT,UNKNOWN,ENTITY_LINKING
eswa_bclean_0094,pubhealth_validation_1151,pubhealth,PARTIAL,CONTEXT_ONLY,INSUFFICIENT_SPECIFICITY,IRRELEVANT,CONTEXT_ONLY,INSUFFICIENT_SPECIFICITY,PARTIAL,CONTEXT_ONLY,INSUFFICIENT_SPECIFICITY
eswa_bclean_0095,medfact_bench_1564,medaesqa,PARTIAL,SUPPORT,INSUFFICIENT_SPECIFICITY,PARTIAL,SUPPORT,INSUFFICIENT_SPECIFICITY,PARTIAL,SUPPORT,INSUFFICIENT_SPECIFICITY
eswa_bclean_0096,medfact_bench_1626,medaesqa,PARTIAL,CONTEXT_ONLY,INDIRECT_BRIDGE,IRRELEVANT,CONTEXT_ONLY,INSUFFICIENT_SPECIFICITY,PARTIAL,CONTEXT_ONLY,INDIRECT_BRIDGE
eswa_bclean_0097,pubhealth_test_793,pubhealth,IRRELEVANT,UNKNOWN,ENTITY_LINKING,IRRELEVANT,UNKNOWN,ENTITY_LINKING,IRRELEVANT,UNKNOWN,ENTITY_LINKING
eswa_bclean_0098,pubhealth_validation_231,pubhealth,IRRELEVANT,CONTEXT_ONLY,ENTITY_LINKING,IRRELEVANT,UNKNOWN,ENTITY_LINKING,IRRELEVANT,UNKNOWN,ENTITY_LINKING
eswa_bclean_0099,pubhealth_train_1927,pubhealth,PARTIAL,SUPPORT,INSUFFICIENT_SPECIFICITY,PARTIAL,CONTEXT_ONLY,INSUFFICIENT_SPECIFICITY,PARTIAL,CONTEXT_ONLY,INSUFFICIENT_SPECIFICITY
eswa_bclean_0100,medfact_bench_253,scifact,PARTIAL,CONTEXT_ONLY,INSUFFICIENT_SPECIFICITY,PARTIAL,CONTEXT_ONLY,INSUFFICIENT_SPECIFICITY,PARTIAL,CONTEXT_ONLY,INSUFFICIENT_SPECIFICITY
eswa_bclean_0101,medfact_bench_1512,medaesqa,PARTIAL,CONTEXT_ONLY,RELATION_MISMATCH,IRRELEVANT,UNKNOWN,ENTITY_LINKING,IRRELEVANT,UNKNOWN,ENTITY_LINKING
eswa_bclean_0102,pubhealth_validation_1080,pubhealth,PARTIAL,CONTEXT_ONLY,INSUFFICIENT_SPECIFICITY,PARTIAL,CONTEXT_ONLY,INSUFFICIENT_SPECIFICITY,PARTIAL,CONTEXT_ONLY,INSUFFICIENT_SPECIFICITY
eswa_bclean_0103,medfact_bench_8,scifact,IRRELEVANT,CONTEXT_ONLY,INDIRECT_BRIDGE,PARTIAL,CONTEXT_ONLY,INSUFFICIENT_SPECIFICITY,IRRELEVANT,CONTEXT_ONLY,INDIRECT_BRIDGE
eswa_bclean_0104,medfact_bench_1837,medaesqa,PARTIAL,SUPPORT,INSUFFICIENT_SPECIFICITY,PARTIAL,CONTEXT_ONLY,INSUFFICIENT_SPECIFICITY,PARTIAL,CONTEXT_ONLY,INSUFFICIENT_SPECIFICITY
eswa_bclean_0105,pubhealth_test_173,pubhealth,IRRELEVANT,UNKNOWN,ENTITY_LINKING,IRRELEVANT,CONTEXT_ONLY,INSUFFICIENT_SPECIFICITY,IRRELEVANT,UNKNOWN,ENTITY_LINKING
eswa_bclean_0106,medfact_bench_1520,medaesqa,PARTIAL,CONTEXT_ONLY,INSUFFICIENT_SPECIFICITY,PARTIAL,CONTEXT_ONLY,INSUFFICIENT_SPECIFICITY,PARTIAL,CONTEXT_ONLY,INSUFFICIENT_SPECIFICITY
eswa_bclean_0107,medfact_bench_185,scifact,PARTIAL,SUPPORT,INSUFFICIENT_SPECIFICITY,PARTIAL,SUPPORT,INSUFFICIENT_SPECIFICITY,PARTIAL,SUPPORT,INSUFFICIENT_SPECIFICITY
eswa_bclean_0108,medfact_bench_1988,medaesqa,PARTIAL,SUPPORT,INSUFFICIENT_SPECIFICITY,PARTIAL,CONTEXT_ONLY,INSUFFICIENT_SPECIFICITY,PARTIAL,CONTEXT_ONLY,INSUFFICIENT_SPECIFICITY
eswa_bclean_0109,pubhealth_train_1115,pubhealth,PARTIAL,CONTEXT_ONLY,INSUFFICIENT_SPECIFICITY,IRRELEVANT,CONTEXT_ONLY,INSUFFICIENT_SPECIFICITY,IRRELEVANT,CONTEXT_ONLY,INSUFFICIENT_SPECIFICITY
eswa_bclean_0110,medfact_bench_1848,medaesqa,RELEVANT,SUPPORT,NONE,PARTIAL,SUPPORT,INSUFFICIENT_SPECIFICITY,PARTIAL,SUPPORT,INSUFFICIENT_SPECIFICITY
eswa_bclean_0111,pubhealth_test_65,pubhealth,PARTIAL,CONTEXT_ONLY,POLARITY,PARTIAL,CONTEXT_ONLY,POLARITY,PARTIAL,CONTEXT_ONLY,POLARITY
eswa_bclean_0112,medfact_bench_1595,medaesqa,PARTIAL,CONTEXT_ONLY,INSUFFICIENT_SPECIFICITY,PARTIAL,CONTEXT_ONLY,INSUFFICIENT_SPECIFICITY,PARTIAL,CONTEXT_ONLY,INSUFFICIENT_SPECIFICITY
eswa_bclean_0113,medfact_bench_223,scifact,IRRELEVANT,CONTEXT_ONLY,INDIRECT_BRIDGE,IRRELEVANT,CONTEXT_ONLY,INDIRECT_BRIDGE,IRRELEVANT,CONTEXT_ONLY,INDIRECT_BRIDGE
eswa_bclean_0114,pubhealth_validation_486,pubhealth,IRRELEVANT,REFUTE,POLARITY,RELEVANT,REFUTE,POLARITY,RELEVANT,REFUTE,POLARITY
eswa_bclean_0115,medfact_bench_1914,medaesqa,PARTIAL,CONTEXT_ONLY,INDIRECT_BRIDGE,PARTIAL,CONTEXT_ONLY,INDIRECT_BRIDGE,PARTIAL,CONTEXT_ONLY,INDIRECT_BRIDGE
eswa_bclean_0116,medfact_bench_100,scifact,IRRELEVANT,CONTEXT_ONLY,INSUFFICIENT_SPECIFICITY,IRRELEVANT,CONTEXT_ONLY,INSUFFICIENT_SPECIFICITY,IRRELEVANT,CONTEXT_ONLY,INSUFFICIENT_SPECIFICITY
eswa_bclean_0117,medfact_bench_650,healthver,PARTIAL,CONTEXT_ONLY,INSUFFICIENT_SPECIFICITY,IRRELEVANT,CONTEXT_ONLY,INSUFFICIENT_SPECIFICITY,IRRELEVANT,CONTEXT_ONLY,INSUFFICIENT_SPECIFICITY
eswa_bclean_0118,medfact_bench_150,scifact,IRRELEVANT,CONTEXT_ONLY,INSUFFICIENT_SPECIFICITY,PARTIAL,CONTEXT_ONLY,INSUFFICIENT_SPECIFICITY,IRRELEVANT,CONTEXT_ONLY,INSUFFICIENT_SPECIFICITY
eswa_bclean_0119,pubhealth_test_444,pubhealth,PARTIAL,CONTEXT_ONLY,INSUFFICIENT_SPECIFICITY,IRRELEVANT,CONTEXT_ONLY,INSUFFICIENT_SPECIFICITY,IRRELEVANT,CONTEXT_ONLY,INSUFFICIENT_SPECIFICITY
eswa_bclean_0120,medfact_bench_1686,medaesqa,PARTIAL,SUPPORT,INDIRECT_BRIDGE,PARTIAL,SUPPORT,INSUFFICIENT_SPECIFICITY,PARTIAL,SUPPORT,INDIRECT_BRIDGE
eswa_bclean_0121,medfact_bench_197,scifact,PARTIAL,CONTEXT_ONLY,RELATION_MISMATCH,PARTIAL,CONTEXT_ONLY,INSUFFICIENT_SPECIFICITY,PARTIAL,CONTEXT_ONLY,RELATION_MISMATCH
eswa_bclean_0122,pubhealth_test_110,pubhealth,IRRELEVANT,CONTEXT_ONLY,INSUFFICIENT_SPECIFICITY,IRRELEVANT,CONTEXT_ONLY,INSUFFICIENT_SPECIFICITY,IRRELEVANT,CONTEXT_ONLY,INSUFFICIENT_SPECIFICITY
eswa_bclean_0123,medfact_bench_55,scifact,PARTIAL,CONTEXT_ONLY,RELATION_MISMATCH,PARTIAL,CONTEXT_ONLY,INSUFFICIENT_SPECIFICITY,PARTIAL,CONTEXT_ONLY,INSUFFICIENT_SPECIFICITY
eswa_bclean_0124,medfact_bench_197,scifact,IRRELEVANT,CONTEXT_ONLY,INSUFFICIENT_SPECIFICITY,IRRELEVANT,CONTEXT_ONLY,INSUFFICIENT_SPECIFICITY,IRRELEVANT,CONTEXT_ONLY,INSUFFICIENT_SPECIFICITY
eswa_bclean_0125,pubhealth_test_1068,pubhealth,IRRELEVANT,CONTEXT_ONLY,INDIRECT_BRIDGE,IRRELEVANT,CONTEXT_ONLY,INDIRECT_BRIDGE,IRRELEVANT,CONTEXT_ONLY,INDIRECT_BRIDGE
eswa_bclean_0126,medfact_bench_170,scifact,PARTIAL,CONTEXT_ONLY,INDIRECT_BRIDGE,PARTIAL,CONTEXT_ONLY,INSUFFICIENT_SPECIFICITY,PARTIAL,CONTEXT_ONLY,INSUFFICIENT_SPECIFICITY
eswa_bclean_0127,medfact_bench_205,scifact,IRRELEVANT,UNKNOWN,INSUFFICIENT_SPECIFICITY,IRRELEVANT,UNKNOWN,ENTITY_LINKING,IRRELEVANT,UNKNOWN,ENTITY_LINKING
eswa_bclean_0128,medfact_bench_1877,medaesqa,IRRELEVANT,UNKNOWN,ENTITY_LINKING,IRRELEVANT,UNKNOWN,ENTITY_LINKING,IRRELEVANT,UNKNOWN,ENTITY_LINKING
eswa_bclean_0129,medfact_bench_101,scifact,PARTIAL,CONTEXT_ONLY,INSUFFICIENT_SPECIFICITY,PARTIAL,CONTEXT_ONLY,INSUFFICIENT_SPECIFICITY,PARTIAL,CONTEXT_ONLY,INSUFFICIENT_SPECIFICITY
eswa_bclean_0130,medfact_bench_1876,medaesqa,IRRELEVANT,UNKNOWN,ENTITY_LINKING,IRRELEVANT,UNKNOWN,ENTITY_LINKING,IRRELEVANT,UNKNOWN,ENTITY_LINKING
eswa_bclean_0131,pubhealth_test_1205,pubhealth,PARTIAL,CONTEXT_ONLY,RELATION_MISMATCH,IRRELEVANT,UNKNOWN,ENTITY_LINKING,IRRELEVANT,UNKNOWN,ENTITY_LINKING
eswa_bclean_0132,pubhealth_validation_501,pubhealth,IRRELEVANT,CONTEXT_ONLY,INSUFFICIENT_SPECIFICITY,IRRELEVANT,CONTEXT_ONLY,INSUFFICIENT_SPECIFICITY,IRRELEVANT,CONTEXT_ONLY,INSUFFICIENT_SPECIFICITY
eswa_bclean_0133,medfact_bench_742,healthver,IRRELEVANT,CONTEXT_ONLY,INSUFFICIENT_SPECIFICITY,IRRELEVANT,CONTEXT_ONLY,INSUFFICIENT_SPECIFICITY,IRRELEVANT,CONTEXT_ONLY,INSUFFICIENT_SPECIFICITY
eswa_bclean_0134,pubhealth_validation_404,pubhealth,IRRELEVANT,CONTEXT_ONLY,INDIRECT_BRIDGE,PARTIAL,CONTEXT_ONLY,RELATION_MISMATCH,PARTIAL,CONTEXT_ONLY,RELATION_MISMATCH
eswa_bclean_0135,medfact_bench_331,scifact,IRRELEVANT,UNKNOWN,ENTITY_LINKING,IRRELEVANT,CONTEXT_ONLY,INSUFFICIENT_SPECIFICITY,IRRELEVANT,CONTEXT_ONLY,INSUFFICIENT_SPECIFICITY
eswa_bclean_0136,medfact_bench_1303,medaesqa,IRRELEVANT,UNKNOWN,RELATION_MISMATCH,PARTIAL,CONTEXT_ONLY,INSUFFICIENT_SPECIFICITY,PARTIAL,CONTEXT_ONLY,INSUFFICIENT_SPECIFICITY
eswa_bclean_0137,medfact_bench_12,scifact,PARTIAL,CONTEXT_ONLY,POLARITY,PARTIAL,CONTEXT_ONLY,RELATION_MISMATCH,PARTIAL,CONTEXT_ONLY,RELATION_MISMATCH
eswa_bclean_0138,medfact_bench_1435,medaesqa,PARTIAL,CONTEXT_ONLY,RELATION_MISMATCH,IRRELEVANT,UNKNOWN,ENTITY_LINKING,IRRELEVANT,UNKNOWN,ENTITY_LINKING
eswa_bclean_0139,medfact_bench_1599,medaesqa,PARTIAL,CONTEXT_ONLY,INDIRECT_BRIDGE,PARTIAL,CONTEXT_ONLY,INDIRECT_BRIDGE,PARTIAL,CONTEXT_ONLY,INDIRECT_BRIDGE
eswa_bclean_0140,medfact_bench_1931,medaesqa,IRRELEVANT,CONTEXT_ONLY,INSUFFICIENT_SPECIFICITY,IRRELEVANT,UNKNOWN,ENTITY_LINKING,IRRELEVANT,UNKNOWN,ENTITY_LINKING
eswa_bclean_0141,medfact_bench_124,scifact,PARTIAL,CONTEXT_ONLY,INSUFFICIENT_SPECIFICITY,PARTIAL,CONTEXT_ONLY,INSUFFICIENT_SPECIFICITY,PARTIAL,CONTEXT_ONLY,INSUFFICIENT_SPECIFICITY
eswa_bclean_0142,medfact_bench_1612,medaesqa,PARTIAL,SUPPORT,INSUFFICIENT_SPECIFICITY,RELEVANT,SUPPORT,NONE,RELEVANT,SUPPORT,NONE
eswa_bclean_0143,pubhealth_test_423,pubhealth,PARTIAL,CONTEXT_ONLY,INSUFFICIENT_SPECIFICITY,PARTIAL,CONTEXT_ONLY,INSUFFICIENT_SPECIFICITY,PARTIAL,CONTEXT_ONLY,INSUFFICIENT_SPECIFICITY
eswa_bclean_0144,medfact_bench_427,healthver,IRRELEVANT,CONTEXT_ONLY,RELATION_MISMATCH,IRRELEVANT,CONTEXT_ONLY,INSUFFICIENT_SPECIFICITY,IRRELEVANT,CONTEXT_ONLY,INSUFFICIENT_SPECIFICITY
eswa_bclean_0145,pubhealth_validation_404,pubhealth,IRRELEVANT,CONTEXT_ONLY,INDIRECT_BRIDGE,IRRELEVANT,CONTEXT_ONLY,INDIRECT_BRIDGE,IRRELEVANT,CONTEXT_ONLY,INDIRECT_BRIDGE
eswa_bclean_0146,pubhealth_train_260,pubhealth,PARTIAL,CONTEXT_ONLY,INSUFFICIENT_SPECIFICITY,IRRELEVANT,CONTEXT_ONLY,INSUFFICIENT_SPECIFICITY,IRRELEVANT,CONTEXT_ONLY,INSUFFICIENT_SPECIFICITY
eswa_bclean_0147,medfact_bench_1560,medaesqa,PARTIAL,SUPPORT,INSUFFICIENT_SPECIFICITY,RELEVANT,SUPPORT,NONE,PARTIAL,SUPPORT,INSUFFICIENT_SPECIFICITY
eswa_bclean_0148,pubhealth_test_804,pubhealth,PARTIAL,CONTEXT_ONLY,INSUFFICIENT_SPECIFICITY,IRRELEVANT,CONTEXT_ONLY,INSUFFICIENT_SPECIFICITY,PARTIAL,CONTEXT_ONLY,INSUFFICIENT_SPECIFICITY
eswa_bclean_0149,medfact_bench_1677,medaesqa,PARTIAL,CONTEXT_ONLY,INSUFFICIENT_SPECIFICITY,PARTIAL,CONTEXT_ONLY,INSUFFICIENT_SPECIFICITY,PARTIAL,CONTEXT_ONLY,INSUFFICIENT_SPECIFICITY
eswa_bclean_0150,pubhealth_train_1571,pubhealth,IRRELEVANT,CONTEXT_ONLY,INSUFFICIENT_SPECIFICITY,IRRELEVANT,CONTEXT_ONLY,INSUFFICIENT_SPECIFICITY,IRRELEVANT,CONTEXT_ONLY,INSUFFICIENT_SPECIFICITY
eswa_bclean_0151,medfact_bench_1714,medaesqa,IRRELEVANT,UNKNOWN,ENTITY_LINKING,IRRELEVANT,UNKNOWN,ENTITY_LINKING,IRRELEVANT,UNKNOWN,ENTITY_LINKING
eswa_bclean_0152,medfact_bench_1713,medaesqa,IRRELEVANT,UNKNOWN,ENTITY_LINKING,IRRELEVANT,UNKNOWN,ENTITY_LINKING,IRRELEVANT,UNKNOWN,ENTITY_LINKING
eswa_bclean_0153,pubhealth_validation_979,pubhealth,PARTIAL,CONTEXT_ONLY,RELATION_MISMATCH,IRRELEVANT,UNKNOWN,ENTITY_LINKING,IRRELEVANT,UNKNOWN,ENTITY_LINKING
eswa_bclean_0154,medfact_bench_1738,medaesqa,PARTIAL,SUPPORT,INSUFFICIENT_SPECIFICITY,PARTIAL,SUPPORT,INSUFFICIENT_SPECIFICITY,PARTIAL,SUPPORT,INSUFFICIENT_SPECIFICITY
eswa_bclean_0155,medfact_bench_1902,medaesqa,PARTIAL,CONTEXT_ONLY,INDIRECT_BRIDGE,PARTIAL,CONTEXT_ONLY,INDIRECT_BRIDGE,PARTIAL,CONTEXT_ONLY,INDIRECT_BRIDGE
eswa_bclean_0156,medfact_bench_10,scifact,PARTIAL,SUPPORT,INSUFFICIENT_SPECIFICITY,PARTIAL,SUPPORT,INSUFFICIENT_SPECIFICITY,PARTIAL,SUPPORT,INSUFFICIENT_SPECIFICITY
eswa_bclean_0157,pubhealth_validation_723,pubhealth,IRRELEVANT,CONTEXT_ONLY,INSUFFICIENT_SPECIFICITY,PARTIAL,CONTEXT_ONLY,INSUFFICIENT_SPECIFICITY,PARTIAL,CONTEXT_ONLY,INSUFFICIENT_SPECIFICITY
eswa_bclean_0158,medfact_bench_126,scifact,PARTIAL,CONTEXT_ONLY,INSUFFICIENT_SPECIFICITY,PARTIAL,CONTEXT_ONLY,INSUFFICIENT_SPECIFICITY,PARTIAL,CONTEXT_ONLY,INSUFFICIENT_SPECIFICITY
eswa_bclean_0159,medfact_bench_1445,medaesqa,IRRELEVANT,UNKNOWN,RELATION_MISMATCH,IRRELEVANT,CONTEXT_ONLY,INSUFFICIENT_SPECIFICITY,IRRELEVANT,CONTEXT_ONLY,INSUFFICIENT_SPECIFICITY
eswa_bclean_0160,medfact_bench_298,scifact,PARTIAL,CONTEXT_ONLY,INSUFFICIENT_SPECIFICITY,PARTIAL,CONTEXT_ONLY,INSUFFICIENT_SPECIFICITY,PARTIAL,CONTEXT_ONLY,INSUFFICIENT_SPECIFICITY
eswa_bclean_0161,medfact_bench_203,scifact,IRRELEVANT,CONTEXT_ONLY,INDIRECT_BRIDGE,IRRELEVANT,UNKNOWN,ENTITY_LINKING,IRRELEVANT,UNKNOWN,ENTITY_LINKING
eswa_bclean_0162,pubhealth_train_1105,pubhealth,IRRELEVANT,CONTEXT_ONLY,INSUFFICIENT_SPECIFICITY,IRRELEVANT,CONTEXT_ONLY,INSUFFICIENT_SPECIFICITY,IRRELEVANT,CONTEXT_ONLY,INSUFFICIENT_SPECIFICITY
eswa_bclean_0163,pubhealth_train_1437,pubhealth,IRRELEVANT,CONTEXT_ONLY,INSUFFICIENT_SPECIFICITY,IRRELEVANT,CONTEXT_ONLY,INSUFFICIENT_SPECIFICITY,IRRELEVANT,CONTEXT_ONLY,INSUFFICIENT_SPECIFICITY
eswa_bclean_0164,medfact_bench_1836,medaesqa,PARTIAL,CONTEXT_ONLY,INDIRECT_BRIDGE,IRRELEVANT,UNKNOWN,ENTITY_LINKING,IRRELEVANT,UNKNOWN,ENTITY_LINKING
eswa_bclean_0165,pubhealth_train_1509,pubhealth,PARTIAL,CONTEXT_ONLY,INSUFFICIENT_SPECIFICITY,IRRELEVANT,CONTEXT_ONLY,INSUFFICIENT_SPECIFICITY,IRRELEVANT,CONTEXT_ONLY,INSUFFICIENT_SPECIFICITY
eswa_bclean_0166,medfact_bench_131,scifact,RELEVANT,SUPPORT,NONE,PARTIAL,CONTEXT_ONLY,POLARITY,PARTIAL,CONTEXT_ONLY,POLARITY
eswa_bclean_0167,medfact_bench_1884,medaesqa,IRRELEVANT,UNKNOWN,INSUFFICIENT_SPECIFICITY,IRRELEVANT,UNKNOWN,ENTITY_LINKING,IRRELEVANT,UNKNOWN,ENTITY_LINKING
eswa_bclean_0168,medfact_bench_202,scifact,IRRELEVANT,UNKNOWN,ENTITY_LINKING,IRRELEVANT,UNKNOWN,ENTITY_LINKING,IRRELEVANT,UNKNOWN,ENTITY_LINKING
eswa_bclean_0169,medfact_bench_1445,medaesqa,IRRELEVANT,CONTEXT_ONLY,RELATION_MISMATCH,IRRELEVANT,CONTEXT_ONLY,INSUFFICIENT_SPECIFICITY,IRRELEVANT,CONTEXT_ONLY,INSUFFICIENT_SPECIFICITY
eswa_bclean_0170,medfact_bench_792,healthver,PARTIAL,SUPPORT,INSUFFICIENT_SPECIFICITY,PARTIAL,CONTEXT_ONLY,INSUFFICIENT_SPECIFICITY,PARTIAL,SUPPORT,INSUFFICIENT_SPECIFICITY
eswa_bclean_0171,pubhealth_train_238,pubhealth,IRRELEVANT,UNKNOWN,ENTITY_LINKING,IRRELEVANT,CONTEXT_ONLY,INSUFFICIENT_SPECIFICITY,IRRELEVANT,UNKNOWN,ENTITY_LINKING
eswa_bclean_0172,pubhealth_validation_81,pubhealth,IRRELEVANT,CONTEXT_ONLY,INSUFFICIENT_SPECIFICITY,PARTIAL,CONTEXT_ONLY,INSUFFICIENT_SPECIFICITY,PARTIAL,CONTEXT_ONLY,INSUFFICIENT_SPECIFICITY
eswa_bclean_0173,pubhealth_validation_1080,pubhealth,PARTIAL,CONTEXT_ONLY,ENTITY_LINKING,PARTIAL,SUPPORT,INSUFFICIENT_SPECIFICITY,PARTIAL,SUPPORT,INSUFFICIENT_SPECIFICITY
eswa_bclean_0174,medfact_bench_1976,medaesqa,IRRELEVANT,CONTEXT_ONLY,ENTITY_LINKING,IRRELEVANT,CONTEXT_ONLY,INSUFFICIENT_SPECIFICITY,IRRELEVANT,CONTEXT_ONLY,ENTITY_LINKING
eswa_bclean_0175,pubhealth_train_1318,pubhealth,PARTIAL,CONTEXT_ONLY,INSUFFICIENT_SPECIFICITY,IRRELEVANT,CONTEXT_ONLY,INSUFFICIENT_SPECIFICITY,IRRELEVANT,CONTEXT_ONLY,INSUFFICIENT_SPECIFICITY
eswa_bclean_0176,pubhealth_test_767,pubhealth,IRRELEVANT,CONTEXT_ONLY,INDIRECT_BRIDGE,IRRELEVANT,CONTEXT_ONLY,INSUFFICIENT_SPECIFICITY,IRRELEVANT,CONTEXT_ONLY,INSUFFICIENT_SPECIFICITY
eswa_bclean_0177,pubhealth_train_1840,pubhealth,IRRELEVANT,CONTEXT_ONLY,INDIRECT_BRIDGE,IRRELEVANT,UNKNOWN,ENTITY_LINKING,IRRELEVANT,UNKNOWN,ENTITY_LINKING
eswa_bclean_0178,pubhealth_train_1237,pubhealth,PARTIAL,CONTEXT_ONLY,INSUFFICIENT_SPECIFICITY,IRRELEVANT,CONTEXT_ONLY,INSUFFICIENT_SPECIFICITY,IRRELEVANT,CONTEXT_ONLY,INSUFFICIENT_SPECIFICITY
eswa_bclean_0179,pubhealth_validation_387,pubhealth,PARTIAL,CONTEXT_ONLY,INSUFFICIENT_SPECIFICITY,IRRELEVANT,CONTEXT_ONLY,INSUFFICIENT_SPECIFICITY,IRRELEVANT,CONTEXT_ONLY,INSUFFICIENT_SPECIFICITY
eswa_bclean_0180,pubhealth_test_107,pubhealth,IRRELEVANT,CONTEXT_ONLY,INSUFFICIENT_SPECIFICITY,IRRELEVANT,CONTEXT_ONLY,INSUFFICIENT_SPECIFICITY,IRRELEVANT,CONTEXT_ONLY,INSUFFICIENT_SPECIFICITY
eswa_bclean_0181,medfact_bench_1838,medaesqa,PARTIAL,SUPPORT,INSUFFICIENT_SPECIFICITY,PARTIAL,CONTEXT_ONLY,INSUFFICIENT_SPECIFICITY,PARTIAL,SUPPORT,INSUFFICIENT_SPECIFICITY
eswa_bclean_0182,medfact_bench_121,scifact,IRRELEVANT,UNKNOWN,ENTITY_LINKING,IRRELEVANT,CONTEXT_ONLY,INSUFFICIENT_SPECIFICITY,IRRELEVANT,UNKNOWN,ENTITY_LINKING
eswa_bclean_0183,pubhealth_test_1028,pubhealth,IRRELEVANT,CONTEXT_ONLY,INSUFFICIENT_SPECIFICITY,IRRELEVANT,CONTEXT_ONLY,INSUFFICIENT_SPECIFICITY,IRRELEVANT,CONTEXT_ONLY,INSUFFICIENT_SPECIFICITY
eswa_bclean_0184,medfact_bench_121,scifact,PARTIAL,CONTEXT_ONLY,INSUFFICIENT_SPECIFICITY,PARTIAL,CONTEXT_ONLY,INSUFFICIENT_SPECIFICITY,PARTIAL,CONTEXT_ONLY,INSUFFICIENT_SPECIFICITY
eswa_bclean_0185,pubhealth_test_444,pubhealth,IRRELEVANT,CONTEXT_ONLY,INSUFFICIENT_SPECIFICITY,PARTIAL,CONTEXT_ONLY,RELATION_MISMATCH,PARTIAL,CONTEXT_ONLY,RELATION_MISMATCH
eswa_bclean_0186,pubhealth_test_262,pubhealth,PARTIAL,SUPPORT,INSUFFICIENT_SPECIFICITY,PARTIAL,SUPPORT,INSUFFICIENT_SPECIFICITY,PARTIAL,SUPPORT,INSUFFICIENT_SPECIFICITY
eswa_bclean_0187,pubhealth_test_173,pubhealth,IRRELEVANT,UNKNOWN,ENTITY_LINKING,IRRELEVANT,UNKNOWN,ENTITY_LINKING,IRRELEVANT,UNKNOWN,ENTITY_LINKING
eswa_bclean_0188,pubhealth_validation_309,pubhealth,IRRELEVANT,CONTEXT_ONLY,INSUFFICIENT_SPECIFICITY,PARTIAL,CONTEXT_ONLY,INSUFFICIENT_SPECIFICITY,PARTIAL,CONTEXT_ONLY,INSUFFICIENT_SPECIFICITY
eswa_bclean_0189,medfact_bench_1724,medaesqa,PARTIAL,CONTEXT_ONLY,INSUFFICIENT_SPECIFICITY,PARTIAL,CONTEXT_ONLY,INSUFFICIENT_SPECIFICITY,PARTIAL,CONTEXT_ONLY,INSUFFICIENT_SPECIFICITY
eswa_bclean_0190,pubhealth_test_786,pubhealth,PARTIAL,CONTEXT_ONLY,RELATION_MISMATCH,PARTIAL,CONTEXT_ONLY,ENTITY_LINKING,PARTIAL,CONTEXT_ONLY,ENTITY_LINKING
eswa_bclean_0191,pubhealth_train_1668,pubhealth,IRRELEVANT,CONTEXT_ONLY,INSUFFICIENT_SPECIFICITY,PARTIAL,CONTEXT_ONLY,INSUFFICIENT_SPECIFICITY,IRRELEVANT,CONTEXT_ONLY,INSUFFICIENT_SPECIFICITY
eswa_bclean_0192,medfact_bench_320,scifact,IRRELEVANT,UNKNOWN,ENTITY_LINKING,IRRELEVANT,UNKNOWN,ENTITY_LINKING,IRRELEVANT,UNKNOWN,ENTITY_LINKING
eswa_bclean_0193,medfact_bench_5,scifact,IRRELEVANT,CONTEXT_ONLY,INSUFFICIENT_SPECIFICITY,IRRELEVANT,UNKNOWN,ENTITY_LINKING,IRRELEVANT,UNKNOWN,ENTITY_LINKING
eswa_bclean_0194,pubhealth_validation_435,pubhealth,IRRELEVANT,CONTEXT_ONLY,INSUFFICIENT_SPECIFICITY,IRRELEVANT,UNKNOWN,ENTITY_LINKING,IRRELEVANT,UNKNOWN,ENTITY_LINKING
eswa_bclean_0195,medfact_bench_1921,medaesqa,IRRELEVANT,UNKNOWN,ENTITY_LINKING,IRRELEVANT,UNKNOWN,ENTITY_LINKING,IRRELEVANT,UNKNOWN,ENTITY_LINKING
eswa_bclean_0196,medfact_bench_320,scifact,PARTIAL,CONTEXT_ONLY,INDIRECT_BRIDGE,PARTIAL,CONTEXT_ONLY,INDIRECT_BRIDGE,PARTIAL,CONTEXT_ONLY,INDIRECT_BRIDGE
eswa_bclean_0197,pubhealth_train_1254,pubhealth,PARTIAL,REFUTE,POLARITY,IRRELEVANT,UNKNOWN,POLARITY,IRRELEVANT,UNKNOWN,POLARITY
eswa_bclean_0198,pubhealth_test_317,pubhealth,PARTIAL,CONTEXT_ONLY,INSUFFICIENT_SPECIFICITY,PARTIAL,CONTEXT_ONLY,INSUFFICIENT_SPECIFICITY,PARTIAL,CONTEXT_ONLY,INSUFFICIENT_SPECIFICITY
eswa_bclean_0199,pubhealth_validation_435,pubhealth,PARTIAL,CONTEXT_ONLY,INSUFFICIENT_SPECIFICITY,IRRELEVANT,UNKNOWN,ENTITY_LINKING,IRRELEVANT,UNKNOWN,ENTITY_LINKING
eswa_bclean_0200,pubhealth_test_76,pubhealth,IRRELEVANT,UNKNOWN,ENTITY_LINKING,IRRELEVANT,UNKNOWN,ENTITY_LINKING,IRRELEVANT,UNKNOWN,ENTITY_LINKING
